的	白勹丶
了	了
我	手戈
是	日一止
在	一亻土
你	亻竹八
和	禾口
有	𠂇月
不	不
就	亠口小尤
都	耂阝
也	也
要	西女
吧	口巴
好	女子
他	亻也
說	言八口儿
去	土厶
到	至刂
沒	氵勹又
還	之四一口衤
上	上
對	业羊寸
那	刀二阝
人	人
個	亻圍十口
看	手目
中	中
呢	口尸匕
來	木人人
嗎	口馬
會	亼四日
她	女也
與	臼一乚丨廾
給	糸亼口
等	竹土寸
這	之言
用	用
把	扌巴
下	下
恩	圍大心
能	厶月匕匕
很	行艮
多	夕夕
做	亻十口攵
想	木目心
點	四土火卜口
被	衤皮
地	土也
而	而
一	一
後	行幺夂
又	又
從	行人人止
再	一冂土
將	爿䏑寸
時	日土寸
但	亻日一
過	之咼
打	扌丁
大	大
年	𠂉㐄
麼	广十儿十儿幺
啦	口扌立
以	厶人
買	四貝
讓	言衣口口甘
嗯	口圍大心
小	小
得	行日一寸
先	牛儿
啊	口阝丁口
或	戈口一
呀	口牙
找	扌戈
新	立木斤
及	刀又
跟	足艮
於	方人冫
太	大丶
嘛	口广十儿十儿
號	口丂虎
日	日
才	十丿
可	丁口
比	匕匕
玩	王一兀
們	亻門
最	冖二耳又
月	月
真	十目廾
吃	口𠂉乙
發	癶弓殳
並	䒑业
它	宀匕
其	甘廾
話	言舌
請	言丰月
錢	金戈戈
叫	口丩
開	門一廾
出	屮凵
誰	言隹
哈	口亼口
當	小冖口田
向	宀口
家	宀豕
問	門口
之	之
更	一日乂
該	言亠丩人
走	走
快	心㇕大
別	口力刂
前	䒑月刂
由	由
高	亠口冂口
您	亻竹八心
加	力口
所	户斤
天	一大
卻	八人口卩
已	巳
里	田土
內	冂人
寫	宀臼勹火
老	耂匕
搞	扌亠口冂口
行	行
事	一中彐
拿	亼口手
帶	廿儿冖巾
如	女口
死	一夕匕
賣	士四貝
暈	日冖車
像	亻召豕
使	亻一口乂
剛	冂䒑山刂
成	戊㇆
無	𠂉廿廿火
換	扌𠂊冂八大
只	口八
哪	口刀二阝
愛	爪冖心夂
回	圍口
聽	耳王十四一心
少	小丿
元	一兀
卡	上卜
靠	牛口非
幫	土土寸白巾
算	竹目廾
者	耂
忙	心亡
起	走巳
各	夂口
學	臼乂乂冖子
分	八刀
咯	口夂口
總	糸囟丿乂心
則	貝刂
水	水
張	弓長
改	巳攵
唉	口厶矢
三	三
見	見
連	之車
車	車
放	方攵
全	人王
按	扌宀女
區	匚口口口
萬	艹日冂厶
機	木幺幺戈人
早	日十
拉	扌立
弄	王廾
本	木一
偶	亻日冂厶
頁	頁
進	之隹
性	心生
第	竹弋弓
完	宀一兀
同	冂一口
花	艹亻匕
長	長
怕	心白
女	女
講	言甘冂土
殺	乂木殳
組	糸且
錯	金廿日
些	止匕二
住	亻丶王
名	夕口
跑	足勹巳
次	二欠
網	糸冂䒑亡
睡	目千艹二
裝	爿士衣
哦	口手戈
挺	扌廴丿士
王	王
圖	圍口十圍口
掉	扌卜日十
路	足夂口
正	一止
外	夕卜
二	二
頭	一口䒑頁
應	广亻隹心
生	生
心	心
因	圍大
子	子
強	弓厶虫
類	米犬頁
作	亻𠂉匕
送	之䒑大
書	彐キ日
每	𠂉母
法	氵土厶
乖	千北
拍	扌白
市	亠巾
撒	扌廿月攵
至	至
接	扌立女
美	羊大
表	丰衤
未	二木
辦	辛力辛
非	非
級	糸刀又
即	艮卩
哎	口艹乂
此	止匕
差	羊工
版	爿厂又
併	亻䒑廾
副	一口田刂
系	丿糸
收	丩攵
男	田力
俺	亻大申
字	宀子
兩	一巾人人
股	月殳
轉	車一日厶寸
便	亻一日乂
考	耂丂
塊	土鬼
線	糸白水
手	手
黃	廿一由八
道	之八頁
米	米
座	广人人土
豬	豕耂
聊	耳卯
取	耳又
低	亻氏一
難	廿口夫隹
哇	口土土
兒	臼儿
受	爪冖又
包	勹巳
阿	阝丁口
喝	口日勹亡
白	白
金	金
四	四
近	之斤
管	竹宀㠯
定	宀一止
傳	亻一日厶寸
門	門
樣	木羊丶水
夠	夕夕勹口
交	亠八乂
李	木子
笑	竹丿大
自	自
邊	之自穴方
型	一廾刂土
黑	四土火
慢	心冖二四又
刷	尸巾刂
穿	穴牙
越	走戈乚
位	亻立
貴	中一貝
部	立口阝
稱	禾爪冂土
處	虎夂几
選	之巳巳艹廾
站	立卜口
牛	牛
怪	心又土
省	小丿目
倒	亻至刂
談	言火火
曾	八四日
經	糸一巛工
數	婁攵
據	扌虎豕
變	言糸糸攵
累	田糸
汗	氵干
查	木日一
象	召豕
半	半
陳	阝木日
紅	糸工
格	木夂口
五	二乂
幹	十日十人干
樓	木婁
方	方
讀	言士四貝
頂	丁頁
某	甘木
條	亻丨攵木
亂	爪龴冂厶龴乚
唔	口二乂口
馬	馬
遠	之土口衤
單	口口甲一
海	氵𠂉母
相	木目
熱	土儿土丸火
光	小兀
咋	口𠂉匕
風	風
且	且
林	木木
滿	氵廿巾人人
額	宀夂口頁
化	亻匕
班	王刂王
滴	氵亠八冂十口
掛	扌土土卜
關	門幺幺丩丩
漲	氵弓長
店	广卜口
安	宀女
坐	人人土
約	糸勹丶
飛	乙冫丿刂乙冫
劉	卯金刂
度	广廿又
種	禾千日二
俄	亻手戈
歌	丁口丁口欠
報	土半卩又
信	亻言
若	艹𠂇口
原	厂白小
文	文
飯	食厂又
晚	日召儿
量	日一田土
村	木寸
式	弋工
空	穴工
山	山
賺	貝䒑彐刂八
毛	毛
重	千日二
主	丶王
另	口力
間	門日
裡	衤田土
貼	貝卜口
入	人
伐	亻戈
血	丿皿
盤	舟殳皿
爽	大乂乂乂乂
隊	阝八豕
楊	木日一勿
臺	士口冖至
往	行丶王
片	爿
國	圍戈口一
狗	犭勹口
歲	止戊一癶
費	弓刂貝
壞	土衣四水
龍	龍
離	亠乂凵冂厶隹
共	艹廾
西	西
佔	亻卜口
周	用口
超	走召
明	日月
媽	女馬
均	土勹二
期	甘廾月
達	之土羊
照	日召火
切	七刀
留	卯田
動	千日二力
特	牛土寸
氣	气米
係	亻丿糸
神	示申
鳥	鳥
畫	彐キ田一
夢	艹四冖夕
教	耂子攵
哥	丁口丁口
甘	甘
蠻	言糸糸虫
魚	魚
值	亻十目
鎮	金十目廾
么	丿厶
罵	四馬
陪	阝立口
既	艮旡
哭	口口犬
力	力
建	廴彐キ
洗	氵牛儿
懂	心艹千日二
雙	隹隹又
口	口
指	扌匕日
東	木日
球	王十⺍丶
仍	亻刀㇆
活	氵舌
跌	足手丶
練	糸木四
億	亻立日心
清	氵丰月
提	扌日一止
除	阝亼木
通	之龴用
酒	氵酉
貓	豸艹田
餓	食手戈
票	西示
六	亠八
病	疒一冂人
假	亻尸二コ又
久	𠂊丶
段	厂三殳
平	干八
抓	扌爪
套	大長
課	言田木
急	𠂊彐心
藥	艹白幺幺木
城	土戊㇆
任	亻丿士
草	艹日十
羅	四糸隹
理	王田土
令	亼龴
雨	雨
貨	亻匕貝
唱	口日日
左	𠂇工
藍	艹臣𠂉一皿
縣	目木丿糸
常	小冖口巾
色	𠂊巴
搶	扌人户口
菜	艹爪木
喲	口糸勹丶
集	隹木
感	戊一口心
房	户方
較	車亠八乂
混	氵日匕匕
敢	丁耳攵
火	火
臉	月亼口口人人
操	扌口口口木
南	十冂半
退	之艮
件	亻牛
吳	口乚大
破	石皮
聲	士尸殳耳
德	行十四一心
雪	雨彐
局	尸㇆口
雲	雨二厶
噢	口宀米大
整	木口攵一止
傻	亻囟儿夂
華	華
克	十口儿
呃	口厂卩
喊	口戊一口
現	王見
跳	足儿⺍
養	羊丶艮
補	衤甫
團	圍一日厶寸
沈	氵冖儿
反	厂又
樂	白幺幺木
篇	竹户冊
待	行土寸
砸	石匚巾
深	氵冖儿木
煩	火頁
根	木艮
求	十⺍丶
投	扌殳
電	雨申
親	立木見
惡	亞心
葉	艹廿乚木
款	士示欠
知	矢口
八	八
配	酉巳
器	口口犬口口
何	亻丁口
率	亠幺⺍十
調	言用口
鬼	鬼
修	亻丨攵彡
試	言弋工
謝	言身寸
僅	亻廿口丰
層	尸八四日
面	頁圍
週	之用口
北	北
木	木
份	亻八刀
記	言巳
趙	走小月
情	心丰月
肉	䏑
需	雨而
七	七
論	言亼冊
流	氵亠厶川
招	扌召
痛	疒龴用
列	一夕刂
石	石
香	禾日
封	土土寸
眼	目艮
易	日勿
冷	冫亼龴
借	亻廿日
派	氵𠂆亻
帥	丿㠯巾
付	亻寸
十	十
廠	广小冂口攵
陽	阝日一勿
樹	木士口䒑寸
油	氵由
胡	十口月
排	扌非
停	亻亠口冖丁
合	亼口
軍	冖車
身	身
奧	宀釆大
章	立日十
科	禾冫十
倆	亻一巾人人
星	日生
牌	爿鬼十
權	木艹口口隹
翻	釆田习习
隨	阝之𠂇工月
場	土日一勿
帖	巾卜口
商	亠八冂儿口
庫	广車
價	亻西貝
物	牛勿
泡	氵勹巳
寶	宀王午凵貝
玉	王丶
體	骨曲一口䒑
追	之丿㠯
傷	亻𠂉日一勿
背	北月
腳	月八人口卩
丟	王厶
劍	亼口口人人刂
解	𠂊用刀牛
室	宀至
底	广氏一
業	业半木
代	亻弋
孫	子丿糸
朱	𠂉木
亦	亦
須	彡頁
舊	艹隹臼
乾	十日十𠂉乙
工	工
咱	口自
詞	言㇆一口
刀	刀
喔	口尸至
波	氵皮
證	言癶一口䒑
鐵	金十戈口王
推	扌隹
落	艹氵夂口
節	竹艮卩
春	丰日
輕	車一巛工
笨	竹木一
九	九
輸	車亼月刂
江	氵工
短	矢一口䒑
含	亼㇕口
千	千
炒	火小丿
藉	艹耒廿日
丫	八丨
徐	行亼木
騙	馬户冊
秒	禾小丿
青	丰月
耍	而女
夜	亠亻夂丶
許	言午
吹	口欠
師	丿㠯一巾
板	木厂又
土	土
贏	亡口月貝凡
姐	女且
直	十目
公	八厶
苦	艹十口
秀	禾刀㇆
博	十甫寸
皮	皮
朝	十日十月
君	尹口
詩	言土寸
爛	火門木四
靜	丰月爪尹
利	禾刂
素	丰糸
立	立
存	一亻子
燒	火土土土兀
斷	匕幺幺幺幺乚斤
吾	二乂口
虧	虎隹一丂
湯	氵日一勿
民	巳七
極	木丂口又一
命	亼口卩
忘	亡心
茶	艹人木
冰	冫水
供	亻艹廾
案	宀女木
田	田
初	衤刀
品	口口口
抽	扌由
造	之牛口
抱	扌勹巳
野	田土予
綠	糸彑水
項	工頁
獎	爿䏑寸犬
胖	月半
緊	臣又糸
故	十口攵
服	月卩又
盡	尹一火皿
百	一白
兵	斤廾
英	艹冂大
蘇	艹魚禾
般	舟殳
演	氵宀一由八
嘴	口止匕𠂊用
簽	竹亼口口人人
填	土十目廾
果	田木
保	亻口木
唐	广尹口
雞	爪幺大隹
夏	頁夂
莫	艹日大
硬	石一日乂
寒	宀甘八冫
挖	扌穴乙
凡	凡
髮	長彡犬丿
言	言
題	日一止頁
防	阝方
街	行土土
距	足匚
挑	扌儿⺍
純	糸一屮
鬧	鬥亠巾
欲	八人口欠
竟	立日儿
源	氵厂白小
官	宀㠯
戲	虎一口䒑戈
寄	宀大丁口
古	十口
首	八頁
思	田心
橋	木丿大口冂口
燈	火癶一口䒑
郭	亠口子阝
亮	亠口冖几
干	干
屬	尸水四勹虫
窮	穴身弓
粉	米八刀
爆	火日艹廾水
韓	十日十㐄口㐄
刪	冊刂
戴	十戈田艹廾
然	䏑犬火
衝	行千日二
疼	疒夂冫
雷	雨田
蓋	艹土厶皿
港	氵艹廾巳
租	禾且
狼	犭丶艮
蘭	艹門木四
狂	犭王
布	𠂇巾
引	弓丨
壓	厂日月犬土
亞	亞
捏	扌日土
齊	齊
隻	隹又
賽	宀甘八貝
員	口貝
佛	亻弓刂
食	食
船	舟儿口
今	亼㇕
恨	心艮
宋	宀木
銀	金艮
猛	犭子皿
客	宀夂口
黨	小冖口四土火
雖	口虫隹
碼	石馬
友	𠂇又
領	亼龴頁
句	勹口
斯	甘廾斤
沙	氵小丿
戰	口口甲一戈
哼	口亠口了
望	亡月王
腿	月之艮
沖	氵中
丁	丁
園	圍土口衤
祝	示口儿
鄉	乚丩丶艮阝
鄭	八酉大阝
界	田人刂
抗	扌亠几
步	止癶
河	氵丁口
缺	午凵㇕大
賊	貝戈𠂇
尚	小冂口
似	亻厶人
羊	羊
福	示一口田
必	心丿
遭	之一曲日
煙	火西土
否	不口
端	立山而
設	言殳
猜	犭丰月
伊	亻尹
秦	丰禾
秋	禾火
毒	丰母
架	力口木
熊	厶月匕匕火
持	扌土寸
廣	广廿由八
插	扌千臼
歸	丿㠯止彐冖巾
折	扌斤
滾	氵衣八口
靈	雨口口口工人人
意	立日心
呆	口木
基	甘廾土
困	圍木
圈	圍半卩
迷	之米
趕	走日干
踢	足日勿
勝	月半力
史	口乂
甲	甲
呵	口丁口
搬	扌舟殳
獲	犭艹隹又
紙	糸氏
乃	刀㇆
覺	臼乂乂冖見
右	𠂇口
塔	土艹亼口
準	氵隹十
拖	扌𠂉也
摸	扌艹日大
院	阝宀一兀
慘	心厶厶厶人彡
訂	言丁
散	廿月攵
松	木人厶
爸	八乂巴
喜	士口䒑口
洋	氵羊
語	言二乂口
呈	口王
治	氵厶口
降	阝夂㐄
漢	氵廿口夫
富	宀一口田
姓	女生
料	米冫十
嘎	口頁戈
結	糸士口
閃	門人
咬	口亠八乂
梅	木𠂉母
批	扌匕匕
戶	户
足	足
寧	宀心皿丁
爬	爪巴
醒	酉日生
狠	犭艮
逛	之犭王
精	米丰月
瘦	疒臼丨又
瘋	疒風
踩	足爪木
槍	木人户口
軟	車欠
偷	亻亼月刂
支	十又
杜	木土
麗	一冂丶一冂丶鹿
鞋	革土土
展	尸廿衤
興	臼冂一口廾
依	亻衣
倍	亻立口
康	广尹⺍
堂	小冖口土
救	十⺍丶攵
觀	艹口口隹見
鍵	金廴彐キ
製	牛巾刂衣
餘	食亼木
筆	竹彐キ
音	立日
世	廿乚
著	艹耂
仲	亻中
舞	𠂉廿廿夕㐄
守	宀寸
露	雨足夂口
冒	冖二目
榮	火火冖木
弱	弓冫弓冫
影	日亠口小彡
州	⺍川
替	夫夫日
逼	之一口田
陸	阝土儿土
曲	曲
願	厂白小頁
牙	牙
箱	竹木目
嚇	口土火土火
測	氵貝刂
莊	艹爿士
寬	宀艹見丶
遍	之户冊
細	糸田
狀	爿犬
巴	巴
閒	門月
武	戈止
湖	氵十口月
聯	耳幺幺丩丩
程	禾口王
柳	木卯
偏	亻户冊
實	宀母貝
印	臼卩
味	口二木
鎖	金小貝
零	雨亼龴
環	王四一口衤
角	𠂊用
紫	止匕糸
勒	革力
島	鳥山
耶	耳阝
熟	亠口子丸火
孔	子乚
寸	寸
標	木西示
歐	匚口口口欠
厚	厂日子
答	竹亼口
社	示土
懶	心木口刀貝
顧	户隹頁
順	川頁
滅	氵戊一火
運	之冖車
輪	車亼冊
兼	䒑彐刂八
溫	氵圍人皿
娘	女丶艮
登	癶一口䒑
悶	門心
微	行山一几攵
佳	亻土土
瞭	目一火日小
雅	牙隹
魔	广十儿十儿鬼
司	㇆一口
拋	扌尤力
志	士心
奇	大丁口
編	糸户冊
瓦	瓦
居	尸十口
憑	冫馬心
盛	戊㇆皿
奶	女刀㇆
虎	虎
后	𠂆一口
洞	氵冂一口
台	厶口
形	一廾彡
負	𠂊貝
川	川
檔	木小冖口田
圓	圍口貝
牆	爿土人人圍口
充	亠厶儿
害	宀丰口
喂	口田衤
免	召儿
景	日亠口小
擬	扌匕矢龴足
穩	禾爪工彐心
曹	一曲日
曉	日土土土兀
煮	耂火
良	丶艮
蛋	足虫
吐	口土
肥	月巴
仙	亻山
宮	宀口丿口
碰	石䒑业
酸	酉厶八夂
侯	亻コ矢
塞	宀甘八土
嘍	口婁
脫	月八口儿
勁	一巛工力
欠	欠
創	人户口刂
擦	扌宀䏑又示
爾	一八巾乂乂乂乂
藏	艹戈爿臣
皆	匕匕白
屁	尸匕匕
永	丶水
夫	夫
掙	扌爪尹
琴	王王亼㇕
錄	金彑水
餵	食田衤
稅	禾八口儿
宏	宀𠂇厶
例	亻一夕刂
專	一日厶寸
砍	石欠
視	示見
繼	糸匕幺幺幺幺
兄	口儿
產	文厂生
善	羊䒑口
增	土八四日
施	方𠂉也
淚	氵户犬
暗	日立日
忍	刀丶心
肯	止月
母	母
聖	耳口王
橫	木廿一由八
遊	之方𠂉子
艾	艹乂
致	至攵
宗	宀示
偉	亻㐄口㐄
麻	广十儿十儿
怒	女又心
扔	扌刀㇆
爭	爪尹
游	氵方𠂉子
鄧	癶一口䒑阝
腰	月西女
嫩	女木口攵
肖	小月
淨	氵爪尹
罪	四非
仔	亻子
彈	弓口口甲一
丑	彐丨
減	氵戊一口
敏	𠂉母攵
義	羊手戈
棒	木丰キ
臭	自犬
響	乚丩丶艮阝立日
聞	門耳
拆	扌斤丶
蔡	艹䏑又示
計	言十
絲	糸糸
校	木亠八乂
氏	氏
糖	米广尹口
吉	士口
押	扌甲
馮	冫馬
吵	口小丿
谷	八人口
麥	木人人夂
衣	衣
宇	宀丁一
雜	亠人人木隹
末	一木
潘	氵釆田
告	牛口
旁	亠八冖方
耐	而寸
董	艹千日二
榜	木亠八冖方
醉	酉亠人人十
鍾	金千日二
妹	女二木
鋼	金冂䒑山
蔣	艹爿䏑寸
幣	巾⺍攵巾
宜	宀且
尼	尸匕
灰	𠂇火
評	言干八
維	糸隹
絕	糸刀巴
屋	尸至
幾	幺幺戈人
楚	木木足
屆	尸土凵
館	食宀㠯
丹	冊丶
乘	禾北
認	言刀丶心
刻	亠丩人刂
俊	亻厶八夂
芳	艹方
抄	扌小丿
夾	大人人
酷	酉牛口
京	亠口小
嚴	口口厂丁耳攵
返	之厂又
礦	石广廿由八
廳	广耳王十四一心
魯	魚日
瑞	王山而
仁	亻二
飄	西示風
註	言丶王
添	氵一大心
催	亻山隹
具	目廾
威	戊一女
劇	虎豕刂
核	木亠丩人
農	曲辰
瓶	䒑廾瓦
銅	金冂一口
犯	犭卩
族	方𠂉矢
季	禾子
尋	彐工口寸
顯	日幺幺火頁
骨	骨
嘿	口四土火
鏈	金之車
擺	扌四厶月匕匕
擠	扌齊
黎	禾丿刀人水
騎	馬大丁口
密	宀心丿山
士	士
術	行十儿丶
炸	火𠂉匕
祇	示氏
洪	氵艹廾
訊	言乙十
腦	月巛囟
禮	示曲一口䒑
容	穴人口
輝	小兀冖車
射	身寸
智	矢口日
索	十冖糸
聚	耳又亻
拼	扌䒑廾
燕	廿口北火
撞	扌立田土
膜	月艹日大
普	䒑业日
竹	竹竹
魏	禾女鬼
澤	氵四土半
側	亻貝刂
諾	言艹𠂇口
呂	口丿口
范	艹氵卩
搭	扌艹亼口
鳳	几一鳥
袁	土口衤
扯	扌止
鑽	金牛儿牛儿貝
彭	士口䒑彡
陰	阝亼㇕二厶
唸	口亼㇕心
薄	艹氵甫寸
涼	氵亠口小
曰	日
胃	田月
鹽	臣𠂉卜圍乂皿
賴	木口刀貝
獨	犭四勹虫
窩	穴咼
堆	土隹
赴	走卜
載	十戈車
躲	身几木
孟	子皿
抵	扌氏一
甜	舌甘
舉	臼一乚丨廾キ
彩	爪木彡
甚	甘匚儿
厄	厂卩
粗	米且
傑	亻夕㐄木
噸	口一屮頁
慶	鹿㇕心夂
緣	糸彑豕
駐	馬丶王
申	申
衛	行㐄口㐄
訓	言川
念	亼㇕心
蕭	艹尹爿一爿
惹	艹𠂇口心
帳	巾長
勸	艹口口隹力
讚	言牛儿牛儿貝
盒	亼口皿
逃	之儿⺍
嘉	士口䒑力口
納	糸冂人
升	丿廾
倉	人户口
姚	女儿⺍
休	亻木
症	疒一止
斤	斤
功	工力
喇	口木口刂
釦	金口
浪	氵丶艮
扣	扌口
泰	丰水
忠	中心
梁	氵刀八木
吸	口刀又
貝	貝
跨	足大一丂
盧	虎田皿
森	木木木
瞎	目宀丰口
卷	半卩
于	丁一
井	二刂
針	金十
蛇	虫宀匕
寺	土寸
購	貝甘冂土
導	之八頁寸
飲	食欠
噴	口十十十貝
虛	虎丘
屏	尸䒑廾
優	亻一白冖心夂
灌	氵艹口口隹
埋	土田土
略	田夂口
掃	扌彐冖巾
吶	口冂人
目	目
蒙	艹冖一豕
託	言丿七
托	扌丿七
巧	工丂
淡	氵火火
賤	貝戈戈
拜	手一丰
冬	夂冫
娜	女刀二阝
懷	心衣四水
池	氵也
敲	亠口冂口卜又
凱	山一口䒑几
鐘	金立田土
愁	禾火心
鋪	金甫
薩	艹阝立丿生
揚	扌日一勿
勇	龴用力
財	貝十丿
鍊	金木四
終	糸夂冫
質	斤斤貝
泥	氵尸匕
昏	氏日
遇	之日冂厶
喬	丿大口冂口
欄	木門木四
鍋	金咼
巨	匚
儀	亻羊手戈
遲	之尸水牛
怎	𠂉匕心
磨	广十儿十儿石
呼	口爪丁
賭	貝耂
液	氵亠亻夂丶
泉	白水
嫁	女宀豕
捲	扌半卩
汪	氵王
稍	禾小月
薛	艹丿㠯辛
賈	西貝
豆	一口䒑
頓	一屮頁
旺	日王
儂	亻曲辰
攻	工攵
祥	示羊
委	禾女
佐	亻𠂇工
臨	臣𠂉口口口
隔	阝一口冂八丁
繞	糸土土土兀
輛	車一巾人人
崔	山隹
溝	氵甘冂土
碗	石宀夕卩
賠	貝立口
吻	口勿
健	亻廴彐キ
速	之木口
失	手丶
雄	𠂇厶隹
胸	月勹乂凵
框	木匚王
鬥	鬥
暴	日艹廾水
湊	氵丰一大
陣	阝車
識	言立日戈
娃	女土土
唯	口隹
漏	氵尸雨
拔	扌犬丿
洛	氵夂口
探	扌冖儿木
碟	石廿乚木
郎	丶艮阝
珠	王𠂉木
劑	齊刂
尿	尸水
透	之禾刀㇆
惠	一日厶心
譚	言西日十
營	火火冖口丿口
府	广亻寸
菲	艹非
叼	口㇆一
父	八乂
耳	耳
殘	一夕戈戈
窗	穴囟丿乂
搜	扌臼丨又
希	乂𠂇巾
患	中中心
尾	尸毛
播	扌釆田
岩	山石
逗	之一口䒑
廢	广癶弓殳
賢	臣又貝
限	阝艮
帝	亠八冖巾
昌	日日
模	木艹日大
磚	石一日厶寸
扁	户冊
舒	亼十口予
嫌	女䒑彐刂八
陶	阝勹午凵
苗	艹田
剪	䒑月刂刀
羽	习习
哩	口田土
稿	禾亠口冂口
棟	木木日
邦	丰阝
撿	扌亼口口人人
玲	王亼龴
驚	艹勹口攵馬
坑	土亠几
備	亻廿丿用
撥	扌癶弓殳
袋	亻弋衣
趁	走人彡
妖	女丿大
甩	月乚
錦	金白巾
溼	氵一幺幺土
琳	王木木
乙	乙
伴	亻半
淺	氵戈戈
尊	八酉寸
顏	文厂彡頁
匯	匚氵隹
熬	士方攵火
吊	口巾
霜	雨木目
沿	氵儿口
伯	亻白
盜	氵欠皿
浩	氵牛口
剩	禾北刂
域	土戈口一
祖	示且
肺	月一巾
附	阝亻寸
制	牛巾刂
玄	亠幺
置	四十目
豪	亠口冖豕
恆	心二𠂊冫
助	且力
濤	氵士㇕工一口寸
幽	幺幺山
欣	斤欠
豐	丰丰山一口䒑
辣	辛木口
煤	火甘木
戀	言糸糸心
圍	圍㐄口㐄
瓜	瓜
諸	言耂
俾	亻鬼十
慧	丰丰彐心
墨	四土火土
鮮	魚羊
鏡	金立日儿
娶	耳又女
蝦	虫尸二コ又
犬	犬
鵬	月月鳥
誠	言戊㇆
賀	力口貝
險	阝亼口口人人
飾	食𠂉巾
撐	扌小冖口牙
炎	火火
震	雨辰
鋒	金夂丰
遂	之八豕
軒	車干
控	扌穴工
殼	士冖一几殳
擋	扌小冖口田
覆	西行𠂉日夂
趟	走小冂口
禁	木木示
烤	火耂丂
盃	不皿
童	立田土
蟲	虫虫虫
徵	行山一王攵
杯	木不
暨	艮旡日一
晴	日丰月
魂	二厶鬼
益	䒑八皿
庭	广廴丿士
肝	月干
濃	氵曲辰
坊	土方
晨	日辰
紀	糸巳
振	扌辰
塵	鹿土
割	宀丰口刂
敗	貝攵
消	氵小月
兆	儿⺍
楓	木風
隆	阝夂一生
撤	扌亠厶月攵
粥	弓米弓
馨	士尸殳禾日
誤	言口乚大
滑	氵骨
曼	冖二四又
暖	日爪一𠂇又
滬	氵户口巴
己	巳
止	止
柱	木丶王
塗	氵亼木土
妻	一尹女
灣	氵言糸糸弓
盾	𠂆十目
奔	大十廾
潤	氵門王
政	一止攵
爹	八乂夕夕
尹	尹
廖	广习习人彡
刺	木冂刂
冠	冖一兀寸
躺	身小冂口
舍	亼十口
蓮	艹之車
售	隹口
獸	口口田一口犬
婚	女氏日
攝	扌耳耳耳
醫	匚矢殳酉
閣	門夂口
妞	女彐丨
邱	丘阝
兔	召儿丶
敬	艹勹口攵
潮	氵十日十月
昂	日匕卩
飽	食勹巳
咳	口亠丩人
邪	牙阝
促	亻足
鼠	臼釆
葛	艹日勹亡
串	中中
桑	又又又木
續	糸士四貝
苑	艹夕卩
迎	之匕卩
弓	弓
碎	石亠人人十
余	亼木
承	㇕水三
迪	之由
膠	月习习人彡
烏	烏
牠	牛也
臣	臣
勤	廿口丰力
摔	扌亠幺⺍十
撈	扌火火冖扌力
蒸	艹㇕水一火
凌	冫土儿夂
辛	辛
旗	方𠂉甘廾
妙	女小丿
始	女厶口
符	竹亻寸
倫	亻亼冊
鋁	金口丿口
亭	亠口冖丁
吼	口子乚
云	二厶
研	石一廾
咪	口米
俗	亻八人口
爺	八乂耳阝
霧	雨予丿夂力
珍	王人彡
卓	卜日十
韋	㐄口㐄
歡	艹口口隹欠
嗨	口氵𠂉母
積	禾丰貝
捧	扌丰キ
鳴	口鳥
舔	舌一大心
贊	牛儿牛儿貝
喃	口十冂半
簡	竹門日
豔	丰丰山一口䒑土厶皿
愈	亼月刂心
溪	氵爪幺大
罰	四言刂
歪	不一止
晃	日小兀
斜	亼木冫十
預	予頁
鄒	勹屮勹屮阝
尤	尤
洲	氵⺍川
乎	爪丁
湘	氵木目
罷	四厶月匕匕
軸	車由
妳	女竹八
翔	羊习习
異	田艹廾
隱	阝爪工彐心
枝	木十又
逸	之召儿丶
哄	口艹廾
餐	卜夕又食
顆	田木頁
鴨	甲鳥
染	氵九木
餅	食䒑廾
藝	艹土儿土丸二厶
炮	火勹巳
桌	卜日木
芬	艹八刀
鴻	氵工鳥
攜	扌山隹冂儿口
腎	臣又月
撲	扌业半大
萍	艹氵干八
晶	日日日
勾	勹厶
戒	戈廾
桂	木土土
朗	丶艮月
堵	土耂
矣	厶矢
捐	扌口月
彎	言糸糸弓
薑	艹三田田
荷	艹亻丁口
畝	亠田𠂊丶
棉	木白巾
私	禾厶
擊	車凵殳手
姜	羊女
貸	亻弋貝
傾	亻匕頁
鼓	士口䒑十又
霞	雨尸二コ又
瞧	目隹火
皇	白王
企	人止
互	一彑
沉	氵冖几
箭	竹䒑月刂
柏	木白
騰	月半馬
焦	隹火
潔	氵丰刀糸
盟	日月皿
延	廴丿止
柔	予丿木
資	二欠貝
粒	米立
嶺	山亼龴頁
盆	八刀皿
檢	木亼口口人人
護	言艹隹又
眉	尸目
傘	人人人人人十
碧	王白石
籍	竹耒廿日
燙	氵日一勿火
瑪	王馬
刮	舌刂
勿	勿
坤	土申
汁	氵十
冊	冊
銘	金夕口
浴	氵八人口
翼	习习田艹廾
哲	扌斤口
涵	氵了⺍凵
鈣	金下乚
菌	艹圍禾
敵	亠八冂十口攵
桶	木龴用
抹	扌一木
判	半刂
寵	宀龍
紋	糸文
弟	弋弓
傅	亻甫寸
衰	衣口一
譯	言四土半
柯	木丁口
叔	上小又
肩	户月
殿	尸艹廾殳
番	釆田
驢	馬虎田皿
怡	心厶口
旭	九日
訪	言方
勢	土儿土丸力
蒐	艹鬼
航	舟亠几
妮	女尸匕
萊	艹木人人
坡	土皮
兇	乂凵儿
旅	方𠂉亻
鷹	广亻隹鳥
赤	土火
技	扌十又
韻	立日口貝
摘	扌亠八冂十口
翠	习习亠人人十
邁	之艹日冂厶
孝	耂子
移	禾夕夕
搖	扌䏑午凵
畢	甲艹二
予	予
岳	丘山
屎	尸米
融	一口冂八丁虫
棋	木甘廾
勞	火火冖力
採	扌爪木
鈕	金彐丨
扶	扌夫
介	人刂
渡	氵广廿又
奪	大隹寸
采	爪木
乳	爪子乚
拳	半手
齣	齒勹口
錫	金日勿
薇	艹行山一几攵
淫	氵爪丿士
拽	扌申丿
職	耳立日戈
宅	宀丿七
掌	小冖口手
培	土立口
莉	艹禾刂
損	扌口貝
櫃	木匚中一貝
盼	目八刀
握	扌尸至
謀	言甘木
廟	广十日十月
截	十戈隹
孤	子瓜
壯	爿士
邵	召阝
墊	土半丸土
規	夫見
頗	皮頁
什	亻十
宣	宀二日
妍	女一廾
尖	小大
討	言寸
醋	酉廿日
朵	几木
膽	月𠂊厂八言
穆	禾白小彡
姬	女臣
龜	龜
啃	口止月
漸	氵車斤
耗	耒毛
息	自心
伍	亻二乂
塘	土广尹口
壽	士㇕工一口寸
逢	之夂丰
闖	門馬
晉	二厶厶日
桃	木儿⺍
壁	尸口辛土
霍	雨隹
爐	火虎田皿
漆	氵木人水
暫	車斤日
虹	虫工
丸	丸
券	半刀
辭	爪龴冂厶龴辛
縫	糸之夂丰
俱	亻目廾
菊	艹勹米
奴	女又
岸	山厂干
凝	冫匕矢龴足
膩	月弋二貝
芝	艹之
兮	八丂
脈	月𠂆亻
嚐	口小冖口匕日
烈	一夕刂火
矮	矢禾女
貪	亼㇕貝
婆	氵皮女
俞	亼月刂
蝶	虫廿乚木
誇	言大一丂
枕	木冖儿
毀	臼土殳
避	之尸口辛
帕	巾白
綁	糸丰阝
悅	心八口儿
浮	氵爪子
盈	刀㇆又皿
枚	木攵
材	木十丿
賞	小冖口貝
扎	扌乚
翁	八厶习习
幻	幺㇆
衫	衤彡
固	圍十口
耀	小兀习习隹
槽	木一曲日
穴	穴
獻	虎一口冂八丁犬
幅	巾一口田
審	宀釆田
斬	車斤
伸	亻申
悲	非心
殷	𠂆彐㇆殳
茲	艹幺幺
穎	匕禾頁
萌	艹日月
斑	王文王
澡	氵口口口木
牽	亠幺冖牛
屈	尸屮凵
娟	女口月
怨	夕卩心
癢	疒羊丶艮
恐	工凡心
凍	冫木日
複	衤𠂉日夂
柴	止匕木
逆	之䒑屮
騷	馬又冫虫
渣	氵木日一
熙	臣巳火
抖	扌冫十
忽	勿心
津	氵彐キ
胎	月厶口
糧	米日一田土
濟	氵齊
參	厶厶厶人彡
譜	言䒑业日
准	冫隹
褲	衤广車
紮	木乚糸
摩	广十儿十儿手
縮	糸宀亻一白
漫	氵冖二四又
溜	氵卯田
彥	文厂彡
棄	亠厶廿木
扇	户习习
婷	女亠口冖丁
菸	艹方人冫
脣	辰月
憂	一白冖心夂
堡	亻口木土
淘	氵勹午凵
墓	艹日大土
鹿	鹿
嬌	女丿大口冂口
遞	之𠂆虎
彬	木木彡
卿	丿丩艮卩
琪	王甘廾
鶴	冖隹鳥
函	了⺍凵
確	石冖隹
郡	尹口阝
奈	大示
茂	艹戊
緩	糸爪一𠂇又
協	十力力力
瓊	王𠂊冂人目夂
髒	骨艹一夕匕廾
債	亻丰貝
肌	月几
薰	艹千四二火
映	日冂大
粵	宀釆一丂
鼻	自田廾
銷	金小月
育	亠厶月
澳	氵宀米大
候	亻丨コ矢
堅	臣又土
邀	之白方攵
閉	門十丿
妝	爿女
佩	亻几一巾
決	氵㇕大
適	之亠八冂十口
策	竹木冂
藤	艹月半水
仿	亻方
磊	石石石
雁	厂亻隹
俠	亻大人人
腸	月日一勿
窄	穴𠂉匕
昨	日𠂉匕
倪	亻臼儿
務	予丿夂力
雯	雨文
戈	戈
爪	爪
癌	疒口口口山
效	亠八乂攵
拷	扌耂丂
猴	犭亻コ矢
掏	扌勹午凵
汝	氵女
撮	扌冖二耳又
幸	土半
揉	扌予丿木
醬	爿䏑寸酉
舟	舟
訴	言斤丶
態	厶月匕匕心
盯	目丁
繡	糸尹爿一爿
蜜	宀心丿虫
漂	氵西示
序	广予
巷	艹廾巳
梨	禾刂木
舌	舌
蒂	艹亠八冖巾
腹	月𠂉日夂
蟹	𠂊用刀牛虫
陷	阝𠂊臼
捉	扌足
蒼	艹人户口
鵝	手戈鳥
疑	匕矢龴足
鼎	目爿爿
釣	金勹丶
慌	心艹亡川
蔥	艹囟丿乂心
瘤	疒卯田
彼	行皮
辰	辰
執	土半丸
忌	巳心
踏	足水日
龔	龍艹廾
捷	扌一彐止
罐	午凵艹口口隹
腫	月千日二
縱	糸行人人止
伏	亻犬
壇	土亠圍口日一
觸	𠂊用四勹虫
默	四土火犬
懸	目木丿糸心
赫	土火土火
瑩	火火冖王
杰	木火
孩	子亠丩人
咖	口力口
幀	巾卜貝
悟	心二乂口
頻	止癶頁
灑	氵一冂丶一冂丶鹿
燉	火亠口子攵
帽	巾冖二目
幼	幺力
旋	方𠂉足
擁	扌亠乚丩隹
聶	耳耳耳
猶	犭八酉
壹	士冖一口䒑
霸	雨革月
席	广廿巾
叉	又丶
繫	車凵殳糸
妃	女巳
擔	扌𠂊厂八言
典	冊廾
贈	貝八四日
儒	亻雨而
裸	衤田木
奉	丰キ
御	行午止卩
腔	月穴工
突	穴犬
刑	一廾刂
痕	疒艮
賓	宀一癶貝
午	午
攤	扌廿口夫隹
蕾	艹雨田
頸	一巛工頁
臟	月艹戈爿臣
宰	宀辛
囊	一中冖口口甘衤
賬	貝長
弘	弓厶
境	土立日儿
拒	扌匚
毅	立豕殳
煎	䒑月刂火
弦	弓亠幺
渝	氵亼月刂
罩	四卜日十
蓉	艹穴人口
憶	心立日心
卵	卯丶丶
遷	之西大卩
尺	尸丶
禍	示咼
逾	之亼月刂
垂	千艹二
潛	氵旡旡日
郵	千艹二阝
惜	心廿日
浦	氵甫
警	艹勹口攵言
扛	扌工
氧	气羊
揭	扌日勹亡
逐	之豕
謂	言田月
昭	日召
宿	宀亻一白
統	糸亠厶儿
裂	一夕刂衣
僧	亻八四日
慣	心母貝
裙	衤尹口
彪	虎彡
淋	氵木木
束	木口
牢	宀牛
齋	齊示
揍	扌丰一大
仕	亻士
鉤	金勹口
劫	土厶力
拓	扌石
扮	扌八刀
疊	田田田冖且
鋅	金辛
喻	口亼月刂
律	行彐キ
株	木𠂉木
砂	石小丿
埃	土厶矢
斗	冫十
坪	土干八
揮	扌冖車
仇	亻九
吞	一大口
亡	亡
沾	氵卜口
遙	之䏑午凵
壺	士冖亞
牧	牛攵
霖	雨木木
兜	白卯儿
寨	宀甘八木
監	臣𠂉一皿
稀	禾乂𠂇巾
恰	心亼口
牴	牛氏一
棍	木日匕匕
朕	月䒑大
淑	氵上小又
饒	食土土土兀
慕	艹日大心
歇	日勹亡欠
疏	足亠厶川
膏	亠口冖口月
陵	阝土儿夂
壩	土雨革月
纏	糸广田土八土
鹹	卜圍乂戊一口
姆	女母
聰	耳囟丿乂心
捱	扌厂土土
碳	石山𠂇火
銳	金八口儿
驗	馬亼口口人人
齒	齒
廷	廴丿士
糊	米十口月
翹	土土土兀习习
儲	亻言耂
楠	木十冂半
顛	十目廾頁
蚊	虫文
祭	䏑又示
龐	广龍
拾	扌亼口
裴	非衣
朋	月月
媚	女尸目
吟	口亼㇕
筒	竹冂一口
丘	丘
責	丰貝
趴	足八
堯	土土土兀
繁	𠂉母攵糸
坦	土日一
穗	禾一日厶心
紗	糸小丿
屯	一屮
虐	虎匚一
蹲	足八酉寸
紹	糸召
惟	心隹
幕	艹日大巾
澆	氵土土土兀
扒	扌八
搓	扌羊工
遮	之广廿火
庚	广彐人
哉	十戈口
涉	氵止癶
賦	貝戈止
臂	尸口辛月
樁	木丰臼
敷	甫方攵
禪	示口口甲一
佬	亻耂匕
瑤	王䏑午凵
習	习习白
臥	臣人
釘	金丁
阮	阝一兀
丙	一冂人
歷	厂禾禾止
躍	足习习隹
署	四耂
範	竹車卩
示	示
邢	一廾阝
擰	扌宀心皿丁
莎	艹氵小丿
糞	米田艹廾
嵐	山風
濱	氵宀一癶貝
夕	夕
議	言羊手戈
趣	走耳又
渠	氵匚木
閱	門八口儿
繩	糸黽
杭	木亠几
疾	疒矢
崇	山宀示
擴	扌广廿由八
傢	亻宀豕
婦	女彐冖巾
裕	衤八人口
嘆	口廿口夫
艦	舟臣𠂉一皿
挪	扌刀二阝
荒	艹亡川
貞	卜貝
筋	竹月力
孕	刀㇆子
撕	扌甘廾斤
鈴	金亼龴
戳	习习隹戈
帆	巾凡
籌	竹士㇕工一口寸
奎	大土土
駕	力口馬
阻	阝且
享	亠口子
棚	木月月
傲	亻士方攵
欽	金欠
蹦	足山月月
焊	火日干
召	召
徒	行走
脂	月匕日
几	几
趨	走勹屮勹屮
艘	舟臼丨又
競	立口儿立口儿
靖	立丰月
奏	丰一大
咒	口口几
釋	釆四土半
盲	亡目
姿	二欠女
炫	火亠幺
賜	貝日勿
湧	氵龴用力
潑	氵癶弓殳
坎	土欠
拌	扌半
樊	木乂乂木大
缸	午凵工
弗	弓刂
狐	犭瓜
漿	爿䏑寸水
栽	十戈木
閻	門𠂊臼
攪	扌臼乂乂冖見
述	之十儿丶
籠	竹龍
泛	氵丿之
甫	甫
佑	亻𠂇口
鮑	魚勹巳
閥	門亻戈
卦	土土卜
耿	耳火
咽	口圍大
倩	亻丰月
袖	衤由
貧	八刀貝
糟	米一曲日
激	氵白方攵
階	阝匕匕白
珊	王冊
潭	氵西日十
蠢	丰日虫虫
植	木十目
占	卜口
嘯	口尹爿一爿
徑	行一巛工
鉛	金儿口
屍	尸一夕匕
倚	亻大丁口
灘	氵廿口夫隹
姨	女大弓
災	巛火
幢	巾立田土
鈉	金冂人
暢	申日一勿
詠	言丶水
齡	齒亼龴
焉	一止一乚火
茹	艹女口
桐	木冂一口
痰	疒火火
捂	扌二乂口
鄰	米夕㐄阝
揀	扌木四
艙	舟人户口
謙	言䒑彐刂八
織	糸立日戈
蒲	艹氵甫
芽	艹牙
驅	馬匚口口口
轟	車車車
攔	扌門木四
碑	石鬼十
嚼	口爪四艮寸
燃	火䏑犬火
摟	扌婁
輔	車甫
暉	日冖車
朴	木卜
碩	石頁
杖	木一乂
謎	言之米
磷	石米夕㐄
竄	穴臼釆
脆	月𠂊厂卩
刃	刀丶
墜	阝八豕土
姑	女十口
衡	行𠂊田大
皺	勹屮勹屮皮
擇	扌四土半
櫻	木貝貝女
鹼	卜圍乂亼口口人人
窯	穴羊火
措	扌廿日
眠	目巳七
途	之亼木
鄂	口口一丂阝
叢	业半耳又
禾	禾
磁	石䒑幺幺
錶	金丰衤
沃	氵丿大
屢	尸婁
辯	辛言辛
肚	月土
哀	衣口
浸	氵彐冖又
柄	木一冂人
跪	足𠂊厂卩
攬	扌臣𠂉一四見
輯	車口耳
瓷	二欠瓦
澀	氵刀丶刀丶止止
踹	足山而
凸	圍冂
瑜	王亼月刂
磅	石亠八冖方
豈	山一口䒑
瀉	氵宀臼勹火
遼	之一火日小
豎	臣又一口䒑
宴	宀日女
堪	土甘匚儿
擱	扌門夂口
麟	鹿米夕㐄
祿	示彑水
翟	习习隹
仗	亻一乂
崩	山月月
醜	酉鬼
厲	厂艹日冂厶
革	革
憲	宀丰四心
遺	之中一貝
聘	耳由丂
喚	口𠂊冂八大
閘	門甲
刊	干刂
裁	十戈衣
郁	𠂇月阝
逝	之扌斤
際	阝䏑又示
狄	犭火
誌	言士心
塌	土日习习
崖	山厂土土
廉	广䒑彐刂八
婉	女宀夕卩
攀	木乂乂木大手
獅	犭丿㠯一巾
喘	口山而
氫	气一巛工
氮	气火火
鞍	革宀女
竇	穴士四貝
墳	土十艹貝
巫	工人人
虞	虎口乚大
沁	氵心
瑟	王王心丿
揪	扌禾火
棵	木田木
拐	扌口力
築	竹工凡木
癮	疒阝爪工彐心
剝	彑水刂
披	扌皮
削	小月刂
籃	竹臣𠂉一皿
悠	亻丨攵心
睿	卜冖一八人目
凹	圍凵
葬	艹一夕匕廾
咦	口大弓
瞪	目癶一口䒑
詹	𠂊厂八言
侃	亻口川
授	扌爪冖又
卸	午止卩
頌	八厶頁
慈	䒑幺幺心
闊	門氵舌
纖	糸人人戈非一
棗	木冂木冂
瞄	目艹田
駱	馬夂口
馳	馬也
鞭	革亻一日乂
楞	木四方
兌	八口儿
危	𠂊厂卩
襲	龍衣
泊	氵白
喉	口亻コ矢
溶	氵穴人口
撫	扌𠂉廿廿火
媛	女爪一𠂇又
拎	扌亼龴
察	宀䏑又示
駿	馬厶八夂
繪	糸亼四日
黴	行山一四土火攵
鈞	金勹二
憐	心米夕㐄
昆	日匕匕
禹	丿口冂厶
娥	女手戈
醇	酉亠口子
橙	木癶一口䒑
辨	辛刂辛
暮	艹日大日
祕	示心丿
薪	艹立木斤
煥	火𠂊冂八大
巢	巛田木
鉀	金甲
脾	月鬼十
淵	氵爿一爿
愚	日冂厶心
蜀	四勹虫
裹	衣田木
藕	艹耒日冂厶
劈	尸口辛刀
堤	土日一止
拱	扌艹廾
夸	大一丂
傍	亻亠八冖方
燥	火口口口木
漁	氵魚
允	厶儿
杏	木口
芒	艹亡
畔	田半
豹	豸勹丶
澄	氵癶一口䒑
冥	冖日亠八
媒	女甘木
燦	火卜夕又米
酥	酉禾
垮	土大一丂
枯	木十口
軌	車九
塑	䒑屮月土
卜	卜
構	木甘冂土
茅	艹予丿
慾	八人口欠心
搏	扌甫寸
鑄	金士㇕工一口寸
沐	氵木
豫	予召豕
蒜	艹示示
雀	小隹
亨	亠口了
詳	言羊
腐	广亻寸䏑
皓	白牛口
央	冂大
氟	气弓刂
冤	冖召儿丶
浙	氵扌斤
栓	木人王
梳	木亠厶川
冀	北田艹廾
輩	非車
冉	冂土
餡	食𠂊臼
彤	冊丶彡
奕	亦大
卑	鬼十
誓	扌斤言
蜂	虫夂丰
迅	之乙十
虫	虫
恥	耳心
匹	匚儿
曦	日羊禾戈丂
仰	亻匕卩
煞	𠂊彐攵火
羞	羊彐丨
注	氵丶王
嫂	女臼丨又
瞳	目立田土
黛	亻弋四土火
妾	立女
拂	扌弓刂
挨	扌厶矢
泄	氵廿乚
綱	糸冂䒑山
夷	大弓
慎	心十目廾
汽	氵气
恭	艹廾心
弊	巾⺍攵廾
貳	弋二貝
旦	日一
氯	气彐水
祁	示阝
蠟	虫巛圍乂巛
乍	𠂉匕
孰	亠口子丸
耕	耒二刂
稻	禾爪臼
屠	尸耂
綺	糸大丁口
荊	艹一廾刂
桿	木日干
笛	竹由
捕	扌甫
蕊	艹心心心
喪	土口口衤
盪	氵日一勿皿
氨	气宀女
愣	心四方
瀾	氵門木四
悔	心𠂉母
敦	亠口子攵
葵	艹癶一大
磕	石土厶皿
顫	亠圍口日一頁
閩	門虫
渴	氵日勹亡
曝	日日艹廾水
閔	門文
撇	扌巾⺍攵
梗	木一日乂
絡	糸夂口
貫	母貝
蔚	艹尸示寸
翅	十又习习
估	亻十口
鎂	金羊大
復	行𠂉日夂
瓣	辛瓜辛
濫	氵臣𠂉一皿
況	氵口儿
淮	氵隹
陀	阝宀匕
莖	艹一巛工
惑	戈口一心
簾	竹广䒑彐刂八
巡	之巛
徽	行山一糸攵
謹	言廿口丰
脹	月長
噓	口虎丘
瞞	目廿巾人人
娛	女口乚大
蓄	艹亠幺田
梓	木辛
匪	匚非
濺	氵貝戈戈
敘	亼木攵
鑑	金臣𠂉一皿
溢	氵䒑八皿
彌	弓一八巾乂乂乂乂
覓	爪見
寇	宀一兀卜又
獵	犭巛圍乂巛
滄	氵人户口
葷	艹冖車
蓬	艹之夂丰
硫	石亠厶川
俏	亻小月
迫	之白
貌	豸白儿
弔	丨弓
舜	爪冖夕㐄
炳	火一冂人
茄	艹力口
頤	臣頁
訣	言㇕大
廚	广士口䒑寸
炭	山𠂇火
綿	糸白巾
搗	扌鳥山
萱	艹宀二日
岡	冂䒑山
掀	扌斤欠
誘	言禾刀㇆
翰	十日十人习习
睜	目爪尹
撓	扌土土土兀
掩	扌大申
蹬	足癶一口䒑
泳	氵丶水
玫	王攵
椅	木大丁口
遜	之子丿糸
甄	西土瓦
侍	亻土寸
抑	扌匕卩
啞	口亞
敖	士方攵
毫	亠口冖毛
侵	亻彐冖又
妥	爪女
覽	臣𠂉一四見
概	木艮旡
貢	工貝
援	扌爪一𠂇又
昔	廿日
逮	之尹⺍
卒	亠人人十
鬆	長彡木八厶
捆	扌圍木
厭	厂日月犬
峽	山大人人
彷	行方
寢	宀爿彐冖又
菱	艹土儿夂
梯	木弋弓
僑	亻丿大口冂口
腕	月宀夕卩
挫	扌人人土
膝	月木人水
嗦	口十冖糸
眨	目丿之
循	行𠂆十目
臀	尸艹廾殳月
矛	予丿
努	女又力
黔	四土火亼㇕
乏	丿之
魅	鬼二木
徹	行亠厶月攵
凶	乂凵
廈	广頁夂
掘	扌尸屮凵
茗	艹夕口
絨	糸戈𠂇
擾	扌一白冖心夂
襯	衤立木見
雌	止匕隹
旱	日干
伽	亻力口
蛙	虫土土
雕	用口隹
嬰	貝貝女
痣	疒士心
譽	臼一乚丨廾言
跡	足亦
廂	广木目
汀	氵丁
隋	阝𠂇工月
緒	糸耂
蘊	艹糸圍人皿
勻	勹二
芙	艹夫
棲	木一尹女
刁	㇆一
瑛	王艹冂大
禽	人亠乂凵冂厶
腺	月白水
迦	之力口
矯	矢丿大口冂口
欺	甘廾欠
杉	木彡
竅	穴白方攵
鑲	金衣口口甘
緯	糸㐄口㐄
繆	糸习习人彡
玖	王𠂊丶
肆	長彐キ
悉	釆心
菁	艹丰月
鎳	金自木
冶	冫厶口
絆	糸半
嘔	口匚口口口
遣	之中一㠯
岑	山亼㇕
皖	白宀一兀
糕	米羊火
斐	非文
閤	門亼口
釀	酉衣口口甘
彙	彑冖田木
址	土止
蘸	艹酉隹火
茵	艹圍大
簿	竹氵甫寸
旬	勹日
丈	一乂
咸	戊一口
呸	口不一
胤	儿幺月
蹤	足行人人止
婁	婁
桓	木二日
碘	石冊廾
廊	广丶艮阝
焰	火𠂊臼
壘	田田田土
淳	氵亠口子
畏	田衤
屑	尸小月
覃	西日十
嵌	山甘欠
販	貝厂又
泣	氵立
嗆	口人户口
眾	四亻
袍	衤勹巳
菴	艹大申
僵	亻三田田
饞	食召匕匕召儿丶
沫	氵一木
滯	氵廿儿冖巾
臻	至丰禾
眺	目儿⺍
寂	宀上小又
醣	酉广尹口
晏	日宀女
秤	禾干八
嗚	口烏
蘿	艹四糸隹
誅	言𠂉木
藻	艹氵口口口木
螺	虫田糸
錠	金宀一止
診	言人彡
恤	心丿皿
涯	氵厂土土
滋	氵䒑幺幺
蘆	艹虎田皿
嗜	口耂匕日
貿	卯貝
療	疒一火日小
滲	氵厶厶厶人彡
瀝	氵厂禾禾止
陡	阝走
栗	西木
筍	竹勹日
朔	䒑屮月
淇	氵甘廾
捻	扌亼㇕心
勃	十冖子力
矩	矢匚
沽	氵十口
淤	氵方人冫
描	扌艹田
膚	虎田月
契	丰刀大
祠	示㇆一口
陝	阝大人人
鞏	工凡革
峻	山厶八夂
稠	禾用口
爵	爪四艮寸
秉	禾彐
刨	勹巳刂
雍	亠乚丩隹
群	尹口羊
麵	木人人夂頁圍
盞	戈戈皿
役	行殳
烙	火夂口
痘	疒一口䒑
髓	骨之𠂇工月
嫣	女一止一乚火
募	艹日大力
苟	艹勹口
析	木斤
篩	竹丿㠯一巾
魁	鬼冫十
斥	斤丶
棕	木宀示
匡	匚王
倦	亻半卩
疆	弓土三田田
蔓	艹冖二四又
樺	木華
牟	厶牛
霆	雨廴丿士
蠶	旡旡日虫虫
嘰	口幺幺戈人
靴	革亻匕
慮	虎田心
眸	目厶牛
惱	心巛囟
巾	巾
殊	一夕𠂉木
叮	口丁
艇	舟廴丿士
熔	火穴人口
裘	十⺍丶衣
芹	艹斤
儘	亻尹一火皿
寡	宀頁刀
擲	扌八酉大阝
蔔	艹勹一口田
迥	之冂口
巖	山口口厂丁耳攵
瞬	目爪冖夕㐄
邑	口巴
鉻	金夂口
榕	木穴人口
庸	广尹用
渾	氵冖車
棠	小冖口木
祺	示甘廾
紡	糸方
蝕	食虫
窺	穴夫見
埠	土丿㠯十
奮	大隹田
剎	乂十儿丶刂
濁	氵四勹虫
濾	氵虎田心
嗅	口自犬
簫	竹尹爿一爿
佰	亻一白
滇	氵匕目乚八
寅	宀一由八
姦	女女女
梵	木木凡
蛾	虫手戈
慰	尸示寸心
履	尸行𠂉日夂
駛	馬口乂
宛	宀夕卩
襪	衤艹四戈人
嫖	女西示
綸	糸亼冊
礙	石匕矢龴足
獄	犭言犬
闢	門尸口辛
蟬	虫口口甲一
涮	氵尸巾刂
督	上小又目
衍	行氵
違	之㐄口㐄
絞	糸亠八乂
廿	廿
劣	小丿力
銜	行金
祈	示斤
貶	貝丿之
魄	白鬼
斧	八乂斤
裔	衣冂儿口
湛	氵甘匚儿
淌	氵小冂口
簇	竹方𠂉矢
償	亻小冖口貝
沛	氵一巾
澗	氵門日
殤	一夕𠂉日一勿
掠	扌亠口小
崎	山大丁口
贛	立日十夂工貝
蕩	艹氵日一勿
砌	石七刀
闌	門木四
辱	辰寸
匠	匚斤
肘	月寸
淹	氵大申
洽	氵亼口
究	穴九
慼	戊上小心
矢	矢
蟻	虫羊手戈
澈	氵亠厶月攵
葦	艹㐄口㐄
瞥	巾⺍攵目
崑	山日匕匕
墮	阝𠂇工月土
輓	車召儿
鴿	亼口鳥
錘	金千艹二
懼	心目目隹
椰	木耳阝
梢	木小月
嘟	口耂阝
瀟	氵艹尹爿一爿
障	阝立日十
霄	雨小月
疇	田士㇕工一口寸
揣	扌山而
槐	木鬼
粟	西米
唆	口厶八夂
誦	言龴用
綜	糸宀示
詢	言勹日
劃	彐キ田一刂
札	木乚
駁	馬乂乂
拴	扌人王
攏	扌龍
聳	行人人止耳
燭	火四勹虫
襖	衤宀米大
臘	月巛圍乂巛
吏	一口乂
堰	土匚日女
棺	木宀㠯
腥	月日生
胞	月勹巳
羨	羊氵欠
韶	立日召
阜	丿㠯十
剖	立口刂
羹	羊火羊大
剃	弋弓刂
寓	宀日冂厶
峪	山八人口
煜	火日立
竊	穴釆卜冂人冂厶
撩	扌一火日小
扳	扌厂又
桔	木士口
轄	車宀丰口
臧	戈爿臣
喀	口宀夂口
妄	亡女
陌	阝一白
弧	弓瓜
弩	女又弓
撰	扌巳巳艹廾
瞿	目目隹
卞	亠卜
蛤	虫亼口
襄	衣口口甘
肅	尹爿一爿
擒	扌人亠乂凵冂厶
哨	口小月
鑿	业半臼殳金
皂	白七
鋸	金尸十口
汞	工水
芭	艹巴
膿	月曲辰
懿	士冖一口䒑二欠心
蔭	艹阝亼㇕二厶
椒	木上小又
戎	戈𠂇
肋	月力
翎	亼龴习习
煌	火白王
錐	金隹
疤	疒巴
瀚	氵十日十人习习
絹	糸口月
僱	亻户隹
泓	氵弓厶
昧	日二木
棧	木戈戈
硯	石見
錳	金子皿
旨	匕日
鱗	魚米夕㐄
巳	巳
辜	十口辛
筐	竹匚王
膊	月甫寸
遵	之八酉寸
摺	扌习习白
剁	几木刂
愧	心鬼
拙	扌屮凵
彆	巾⺍攵弓
竿	竹干
鈔	金小丿
鏟	金立丿生
驛	馬四土半
鱉	巾⺍攵魚
稜	禾土儿夂
憤	心十艹貝
綽	糸卜日十
鶯	火火冖鳥
緻	糸至攵
圭	土土
塚	土冖豕
甸	勹田
衷	衣中
燜	火門心
脊	⺍人月
搽	扌艹人木
捶	扌千艹二
勵	厂艹日冂厶力
毓	𠂉母亠厶川
苔	艹厶口
鉗	金甘
奸	女干
黏	禾人水卜口
縷	糸婁
甭	不用
瞟	目西示
舅	臼田力
錚	金爪尹
阪	阝厂又
恕	女口心
轎	車丿大口冂口
啼	口亠八冖巾
繭	艹冂糸丨虫
鬱	午凵木木冖乂凵匕彡
曠	日广廿由八
睹	目耂
禿	禾儿
諦	言亠八冖巾
疲	疒皮
褪	衤之艮
鞠	革勹米
釉	釆由
彰	立日十彡
綴	糸又又又又
軋	車乚
酬	酉⺍川
橘	木予丿冂儿口
啪	口扌白
睛	目丰月
斂	亼口口人人攵
遁	之𠂆十目
晝	彐キ日一
殲	一夕人人戈非一
樸	木业半大
窟	穴尸屮凵
鈍	金一屮
垢	土𠂆一口
愿	厂白小心
奚	爪幺大
誼	言宀且
紛	糸八刀
褚	衤耂
腮	月田心
枉	木王
鍍	金广廿又
涓	氵口月
嗟	口羊工
蠱	虫虫虫皿
笙	竹生
沸	氵弓刂
妓	女十又
儉	亻亼口口人人
猿	犭土口衤
漠	氵艹日大
撬	扌毛毛毛
巍	山禾女鬼
鉑	金白
漾	氵羊丶水
擎	艹勹口攵手
詐	言𠂉匕
絃	糸亠幺
靶	革巴
鴉	牙鳥
俐	亻禾刂
胚	月不一
楷	木匕匕白
侶	亻口丿口
迭	之手丶
詔	言召
嗣	口冊㇆一口
嵩	山亠口冂口
驕	馬丿大口冂口
蠅	虫黽
蹄	足亠八冖巾
穫	禾艹隹又
潰	氵中一貝
褐	衤日勹亡
丞	㇕水一
梭	木厶八夂
瘡	疒人户口
槓	木工貝
唷	口亠厶月
鯨	魚亠口小
鎊	金亠八冖方
畜	亠幺田
廬	广虎田皿
粽	米宀示
韌	㐄口㐄刀丶
囉	口四糸隹
鸞	言糸糸鳥
鈾	金由
宵	宀小月
榆	木亼月刂
嚷	口衣口口甘
釵	金又丶
絮	女口糸
戊	戊
剷	立丿生刂
罕	冖儿干
糾	糸丩
駝	馬宀匕
叩	口卩
箏	竹爪尹
俯	亻广亻寸
瀑	氵日艹廾水
肇	户攵彐キ
窪	穴氵土土
毋	母丿
暇	日尸二コ又
岐	山十又
睬	目爪木
郊	亠八乂阝
璧	尸口辛王丶
挾	扌大人人
捎	扌小月
嶼	山臼一乚丨廾
糸	糸
嘀	口亠八冂十口
斃	巾⺍攵一夕匕
犁	禾刂牛
怔	心一止
焚	木木火
鷗	匚口口口鳥
癖	疒尸口辛
灼	火勹丶
孽	艹丿㠯辛子
岱	亻弋山
麓	木木鹿
匙	日一止匕
嚎	口亠口冖豕
爻	乂乂
鏢	金西示
涇	氵一巛工
摧	扌山隹
械	木戈廾
乞	𠂉乙
卯	卯
凋	冫用口
蕙	艹一日厶心
噗	口业半大
筠	竹土勹二
諧	言匕匕白
喧	口宀二日
癲	疒匕目乚八頁
瓢	西示瓜
嚕	口魚日
裳	小冖口衣
釗	金刂
謊	言艹亡川
晤	日二乂口
竭	立日勹亡
妨	女方
玻	王皮
聾	龍耳
宸	宀辰
擅	扌亠圍口日一
諫	言木四
烹	亠口了火
卉	十廾
綾	糸土儿夂
括	扌舌
漬	氵丰貝
戟	十日十戈
韜	㐄口㐄爪臼
尸	尸
椎	木隹
恬	心舌
胥	足月
檀	木亠圍口日一
葡	艹勹甫
仄	厂人
噯	口爪冖心夂
縛	糸甫寸
嬸	女宀釆田
塢	土烏
壙	土广廿由八
伙	亻火
蠍	虫日勹亡欠
垣	土二日
拘	扌勹口
呱	口瓜
篤	竹馬
鳩	九鳥
躁	足口口口木
噬	口竹工人人
鎢	金烏
孚	爪子
穀	士冖一禾殳
蓓	艹亻立口
蛆	虫且
囚	圍人
癱	疒廿口夫隹
鞘	革小月
瀨	氵木口刀貝
匣	匚甲
凳	癶一口䒑几
隙	阝小日小
娣	女弋弓
驟	馬耳又亻
莞	艹宀一兀
曆	厂禾禾日
伶	亻亼龴
謠	言䏑午凵
璽	一八巾乂乂乂乂王丶
拭	扌弋工
醃	酉大申
墅	田土予土
懵	心艹四冖目
碾	石尸廿衤
雋	隹冂凵
禧	示士口䒑口
鷺	足夂口鳥
鵑	口月鳥
脅	力力力月
榨	木穴𠂉匕
黯	四土火立日
侖	亼冊
荼	艹亼木
苞	艹勹巳
戚	戊上小
頒	八刀頁
倘	亻小冂口
怯	心土厶
淪	氵亼冊
礁	石隹火
睏	目圍木
瞻	目𠂊厂八言
躬	身弓
餌	食耳
脖	月十冖子
襟	衤木木示
尉	尸示寸
軼	車手丶
亥	亠丩人
蘋	艹止癶頁
肢	月十又
悄	心小月
紐	糸彐丨
貯	貝宀丁
僕	亻业半大
憎	心八四日
禎	示卜貝
隴	阝龍
緬	糸頁圍
頰	大人人頁
砷	石申
糙	米之牛口
炯	火冂口
莘	艹辛
盔	𠂇火皿
睦	目土儿土
仟	亻千
炕	火亠几
渦	氵咼
鬢	長彡宀一癶貝
荔	艹力力力
嗷	口士方攵
籲	竹亼口口口冊頁
鯊	氵小丿魚
藩	艹氵釆田
楨	木卜貝
奢	大耂
尬	尤人刂
趾	足止
贖	貝士四貝
瘀	疒方人冫
悼	心卜日十
臍	月齊
抿	扌巳七
憾	心戊一口心
孓	了丶
滌	氵亻丨攵木
兀	兀
嶽	山犭言犬
稚	禾隹
褒	衣亻口木
痔	疒土寸
烘	火艹廾
渭	氵田月
嘻	口士口䒑口
錨	金艹田
鍛	金厂三殳
麒	鹿甘廾
熄	火自心
艮	艮
薯	艹四耂
禦	行午止卩示
蕉	艹隹火
荀	艹勹日
逍	之小月
拗	扌幺力
轍	車亠厶月攵
毯	毛火火
鐸	金四土半
邸	氏一阝
柵	木冊
炙	䏑火
倭	亻禾女
熾	火立日戈
馱	馬大
莽	艹犬廾
笠	竹立
勉	召儿力
羌	羊儿
璋	王立日十
毆	匚口口口殳
咚	口夂冫
槳	爿䏑寸木
恪	心夂口
妒	女户
噹	口小冖口田
暑	日耂
軀	身匚口口口
鈷	金十口
疫	疒殳
歉	䒑彐刂八欠
汐	氵夕
績	心丰貝
樟	木立日十
豁	宀丰口八人口
窖	穴牛口
驥	馬北田艹廾
扭	扌彐丨
胰	月大弓
梟	鳥木
泗	氵四
邇	之一八巾乂乂乂乂
啟	户口攵
帘	穴巾
隅	阝日冂厶
岔	八刀山
弛	弓也
渚	氵耂
纜	糸臣𠂉一四見
枴	木口刀
鑼	金四糸隹
廁	广貝刂
撼	扌戊一口心
雛	勹屮勹屮隹
痞	疒不口
瘟	疒日皿
樽	木八酉寸
崢	山爪尹
颳	風舌
歧	止十又
咀	口且
箋	竹戈戈
寮	宀一火日小
繃	糸山月月
蒿	艹亠口冂口
悍	心日干
嬋	女口口甲一
駭	馬亠丩人
硼	石月月
啤	口鬼十
壬	丿士
叛	半厂又
浚	氵厶八夂
霽	雨齊
嘮	口火火冖力
勘	甘匚儿力
剌	木口刂
樵	木隹火
啄	口豕
倡	亻日日
肛	月工
糜	广十儿十儿米
漪	氵犭大丁口
迴	之圍口
駒	馬勹口
瑕	王尸二コ又
蔽	艹巾⺍攵
鐳	金雨田
糯	米雨而
茫	艹氵亡
噎	口士冖一口䒑
飼	食㇆一口
狹	犭大人人
凰	几白王
溺	氵弓冫弓冫
霓	雨臼儿
硝	石小月
囤	圍一屮
吭	口亠几
靡	广十儿十儿非
厥	厂䒑屮欠
凜	冫亠圍口禾
跺	足几木
萃	艹亠人人十
埔	土甫
扼	扌厂卩
吱	口十又
竺	竹二
綢	糸用口
霏	雨非
蛟	虫亠八乂
圃	圍甫
鋤	金且力
誕	言廴丿止
瘸	疒力口䏑
琢	王豕
酉	酉
棘	木冂木冂
蚌	虫丰
虜	虎田力
吋	口寸
夥	田木夕夕
譁	言華
辮	辛糸辛
恍	心小兀
貽	貝厶口
糠	米广尹⺍
渺	氵目小丿
瀛	氵亡口月女凡
祀	示巳
瓏	王龍
琅	王丶艮
苛	艹丁口
苓	艹亼龴
丕	不一
唬	口虎
夭	丿大
姍	女冊
橡	木召豕
眩	目亠幺
弈	亦廾
拈	扌卜口
茸	艹耳
倔	亻尸屮凵
諜	言廿乚木
艱	廿口夫艮
貂	豸召
諒	言亠口小
耙	耒巴
跋	足犬丿
踱	足广廿又
叭	口八
恢	心𠂇火
彝	彑米糸廾
綰	糸宀㠯
磯	石糸糸戈人
旌	方𠂉生
孜	子攵
踐	足戈戈
舵	舟宀匕
廝	广甘廾斤
寐	宀爿二木
璃	王亠乂凵冂厶
荻	艹犭火
懈	心𠂊用刀牛
漕	氵一曲日
磐	舟殳石
宦	宀臣
漱	氵木口欠
櫥	木广士口䒑寸
諱	言㐄口㐄
庶	广廿火
癬	疒魚羊
馭	馬又
掄	扌亼冊
釜	八乂王八
騫	宀甘八馬
釐	二木攵厂田土
茉	艹一木
隸	木示尹⺍
匾	匚户冊
膳	月羊䒑口
濡	氵雨而
蕪	艹𠂉廿廿火
恃	心土寸
淞	氵木八厶
頹	禾儿頁
舀	爪臼
閑	門木
搔	扌又冫虫
矇	目艹冖一豕
縈	火火冖糸
嬪	女宀一癶貝
梧	木二乂口
匝	匚巾
羈	四革馬
屹	山𠂉乙
頃	匕頁
鯉	魚田土
灸	𠂊丶火
甦	一日乂生
熹	士口䒑火
鵲	廿日鳥
鑰	金亼口口口冊
焙	火立口
蹈	足爪臼
牡	牛土
秧	禾冂大
飢	食几
狸	犭田土
訥	言冂人
沼	氵召
襠	衤小冖口田
毗	田匕匕
慫	行人人止心
懲	行山一王攵心
炬	火匚
逞	之口王
曖	日爪冖心夂
簧	竹廿由八
鰭	魚耂匕日
窘	穴尹口
赦	土火攵
柚	木由
溯	氵䒑屮月
宙	宀由
斟	甘匚儿冫十
柑	木甘
匿	匚艹𠂇口
剔	日勿刂
眷	半目
癸	癶一大
緞	糸厂三殳
馴	馬川
顱	虎田皿頁
嘲	口十日十月
噤	口木木示
弒	乂十儿丶弋工
諭	言亼月刂
謬	言习习人彡
甕	亠乚丩隹瓦
噩	王口口口口
鬚	長彡彡頁
蟒	虫艹犬廾
偵	亻卜貝
攆	扌夫夫車
巔	山十目廾頁
燮	言火火又
汲	氵刀又
筷	竹心㇕大
輿	臼車廾
詭	言𠂊厂卩
滔	氵爪臼
姣	女亠八乂
丐	下乚
檸	木宀心皿丁
硃	石𠂉木
戌	戊一
敝	巾⺍攵
壟	龍土
諮	言二欠口
疹	疒人彡
炊	火欠
涕	氵弋弓
瑣	王小貝
摹	艹日大手
樞	木匚口口口
杵	木午
棣	木尹⺍
羚	羊亼龴
渤	氵十冖子力
蝨	乙十虫虫
墟	土虎丘
柿	木亠巾
綏	糸爪女
薔	艹土人人圍口
蹙	戊上小足
噪	口口口口木
頑	一兀頁
氖	气刀㇆
帛	白巾
膨	月士口䒑彡
甬	龴用
琉	王亠厶川
抒	扌予
酌	酉勹丶
榭	木身寸
鐺	金小冖口田
爍	火白幺幺木
沅	氵一兀
濠	氵亠口冖豕
嬉	女士口䒑口
殖	一夕十目
珀	王白
眶	目匚王
稼	禾宀豕
咎	夂卜口
絢	糸勹日
莓	艹𠂉母
嘈	口一曲日
馥	禾日𠂉日夂
粹	米亠人人十
祗	示氏一
穢	禾止戊一癶
褂	衤土土卜
娼	女日日
鳶	弋鳥
叟	臼丨又
墾	豸艮土
廓	广亠口子阝
弼	弓一白弓
翡	非习习
曳	申丿
偕	亻匕匕白
羲	羊禾戈丂
汾	氵八刀
藺	艹門隹
軾	車弋工
蛹	虫龴用
儷	亻一冂丶一冂丶鹿
啖	口火火
籬	竹亠乂凵冂厶隹
豚	月豕
熨	尸示寸火
犀	尸水牛
摯	土半丸手
冕	冖二召儿
褶	衤习习白
髻	長彡士口
擂	扌雨田
檬	木艹冖一豕
咕	口十口
嘶	口甘廾斤
昀	日勹二
卹	丿皿卩
疝	疒山
孑	了一
槌	木之丿㠯
吮	口厶儿
芋	艹丁一
萎	艹禾女
榻	木日习习
嗡	口八厶习习
漣	氵之車
妤	女予
訟	言八厶
燬	火臼工殳
巒	言糸糸山
吠	口犬
囑	口尸水四勹虫
篷	竹之夂丰
聆	耳亼龴
騁	馬由丂
嗑	口土厶皿
稟	亠圍口禾
漳	氵立日十
沱	氵宀匕
卅	一川
碌	石彐水
颱	風厶口
燴	火亼四日
怠	厶口心
擄	扌虎田力
砰	石干八
曙	日四耂
稽	禾尤匕日
簪	竹旡旡日
偎	亻田衤
恙	羊心
敞	小冂口攵
徙	行止止
嬴	亡口月女凡
祚	示𠂉匕
巽	巳巳艹廾
拇	扌母
兢	十口儿十口儿
觴	𠂊用𠂉日一勿
汕	氵山
纓	糸貝貝女
綻	糸宀一止
磺	石廿由八
囂	口口頁口口
啜	口又又又又
螢	火火冖虫
壑	卜冖一八人口又土
峨	山手戈
濂	氵广䒑彐刂八
閨	門土土
姊	女丿乚亻
驪	馬一冂丶一冂丶鹿
嘖	口丰貝
謁	言日勹亡
讒	言召匕匕召儿丶
愉	心亼月刂
溥	氵甫寸
緇	糸巛田
捨	扌亼十口
罔	冂䒑亡
衙	行二乂口
懇	豸艮心
厝	厂廿日
鄙	口十圍口阝
勛	口貝力
餃	食亠八乂
桀	夕㐄木
澎	氵士口䒑彡
宥	宀𠂇月
聿	彐キ
頡	士口頁
骸	骨亠丩人
彿	行弓刂
煽	火户习习
澱	氵尸艹廾殳
檻	木臣𠂉一皿
隕	阝口貝
餉	食宀口
狙	犭且
惶	心白王
酣	酉甘
輒	車耳乚
杳	木日
顰	止癶頁鬼十
煦	日勹口火
庇	广匕匕
芥	艹人刂
戍	戈人
蝗	虫白王
鱷	魚王口口口口
床	广木
陋	阝一冂人乚
戮	习习人彡戈
壤	土衣口口甘
揖	扌口耳
攙	扌召匕匕召儿丶
愕	心口口一丂
紳	糸申
呷	口甲
唧	口艮卩
朧	月龍
詣	言匕日
烽	火夂丰
慨	心艮旡
乒	丘丿
朦	月艹冖一豕
粱	氵刀八米
峙	山土寸
征	行一止
詰	言士口
淒	氵一尹女
畦	田土土
庾	广臼人
掖	扌亠亻夂丶
柬	木四
犢	牛士四貝
逵	之土儿土
秩	禾手丶
颯	立風
蕃	艹釆田
朽	木丂
塹	車斤土
杞	木巳
蛛	虫𠂉木
啡	口非
晦	日𠂉母
餿	食臼丨又
扉	户非
嫉	女疒矢
蓆	艹广廿巾
謨	言艹日大
垠	土艮
嗤	口屮一虫
幌	巾日小兀
篆	竹彑豕
臼	臼
傭	亻广尹用
諷	言風
慚	心車斤
怖	心𠂇巾
灶	火土
扈	户口巴
嫡	女亠八冂十口
磬	士尸殳石
鍥	金丰刀大
哺	口甫
踝	足田木
叱	口匕
婢	女鬼十
婿	女足月
挽	扌召儿
氾	氵卩
歹	一夕
矗	十目十目十目
叨	口刀
晰	日木斤
鼬	臼釆由
閏	門王
揩	扌匕匕白
罈	午凵西日十
偃	亻匚日女
濛	氵艹冖一豕
蝸	虫咼
銻	金弋弓
氐	氏一
酪	酉夂口
幔	巾冖二四又
渥	氵尸至
瑰	王鬼
蔗	艹广廿火
嗓	口又又又木
籮	竹四糸隹
膛	月小冖口土
幟	巾立日戈
蛻	虫八口儿
剿	巛田木刂
掣	牛巾刂手
娑	氵小丿女
蔬	艹足亠厶川
俑	亻龴用
腋	月亠亻夂丶
癒	疒亼月刂心
憫	心門文
吆	口幺
憊	亻廿丿用心
舫	舟方
瀏	氵卯金刂
羿	习习廾
為	爲
璜	王廿由八
拄	扌丶王
誡	言戈廾
吝	文口
渙	氵𠂊冂八大
穹	穴弓
岫	山由
筵	竹廴丿止
裊	鳥衣
矜	予丿亼㇕
掬	扌勹米
皿	皿
纂	竹目大糸
徊	行圍口
鰓	魚田心
誨	言𠂉母
鬍	長彡十口月
嗽	口木口欠
悖	心十冖子
耘	耒二厶
蜃	辰虫
銓	金人王
鏽	金尹爿一爿
鑾	言糸糸金
榴	木卯田
蹺	足土土土兀
伺	亻㇆一口
饑	食幺幺戈人
榛	木丰禾
簍	竹婁
筏	竹亻戈
銬	金耂丂
奐	𠂊冂八大
癩	疒木口刀貝
淅	氵木斤
澹	氵𠂊厂八言
禱	示士㇕工一口寸
辟	尸口辛
姥	女耂匕
欖	木臣𠂉一四見
譏	言幺幺戈人
坷	土丁口
莢	艹大人人
靄	雨言日勹亡
顎	口口一丂頁
嶄	山車斤
仆	亻卜
脯	月甫
痢	疒禾刂
汰	氵大丶
濯	氵习习隹
萼	艹口口一丂
楔	木丰刀大
軻	車丁口
輻	車一口田
圳	土川
煉	火木四
甌	匚口口口瓦
峭	山小月
猥	犭田衤
惺	心日生
締	糸亠八冖巾
嘩	口華
僚	亻一火日小
忿	八刀心
孵	卯丶丶爪子
紊	文糸
罄	士尸殳午凵
髯	長彡冂土
贅	士方攵貝
魘	厂日月犬鬼
齲	齒丿口冂厶
帷	巾隹
雉	矢隹
膈	月一口冂八丁
寞	宀艹日大
櫓	木魚日
畸	田大丁口
箕	竹甘廾
匆	勿丶
壕	土亠口冖豕
涎	氵廴丿止
渲	氵宀二日
闋	門癶一大
耽	耳冖儿
菅	艹宀㠯
猩	犭日生
詮	言人王
疵	疒止匕
遐	之尸二コ又
袂	衤㇕大
霾	雨豸田土
虔	虎文
鉸	金亠八乂
舶	舟白
燎	火一火日小
闔	門土厶皿
殃	一夕冂大
遏	之日勹亡
銼	金人人土
舛	夕㐄
匕	匕
隘	阝䒑八皿
騾	馬田糸
檜	木亼四日
稈	禾日干
鵠	牛口鳥
衢	行目目隹
譴	言之中一㠯
泌	氵心丿
礬	乂乂木木大石
岷	山巳七
贍	貝𠂊厂八言
俘	亻爪子
狩	犭宀寸
蠡	彑豕虫虫
殆	一夕厶口
鬃	長彡宀示
晌	日宀口
睫	目一彐止
飭	食𠂉力
琍	王禾刂
蝠	虫一口田
鑣	金鹿火
訛	言亻匕
靛	丰月宀一止
礪	石厂艹日冂厶
氦	气亠丩人
佯	亻羊
膀	月亠八冖方
瀆	氵士四貝
姻	女圍大
繽	糸宀一癶貝
鑒	臣𠂉一四金
贓	貝戈爿臣
耆	耂匕日
捫	扌門
拚	扌厶廾
籤	竹人人戈非一
夙	几一夕
腑	月广亻寸
噙	口人亠乂凵冂厶
訖	言𠂉乙
潼	氵立田土
窒	穴至
翌	习习立
夔	八頁止巳夂
刈	乂刂
鍬	金禾火
舷	舟亠幺
鱔	魚羊䒑口
誑	言犭王
氓	亡巳七
豢	半豕
忱	心冖儿
雇	户隹
閭	門口丿口
媳	女自心
蠹	一中冖石虫虫
荐	艹一亻子
庖	广勹巳
埂	土一日乂
琥	王虎
賁	十艹貝
俟	亻厶矢
懾	心耳耳耳
汙	氵丁一
缶	午凵
鏤	金婁
忝	一大心
躡	足耳耳耳
喱	口厂田土
鴛	夕卩鳥
誣	言工人人
諍	言爪尹
怵	心十儿丶
湍	氵山而
輟	車又又又又
僻	亻尸口辛
鏃	金方𠂉矢
鶉	亠口子鳥
羯	羊日勹亡
拯	扌㇕水一
俸	亻丰キ
翱	白大十习习
奠	八酉大
肱	月𠂇厶
瘧	疒虎匚一
邕	巛口巴
茱	艹𠂉木
梔	木𠂆一巴
楹	木刀㇆又皿
僥	亻土土土兀
倖	亻土半
慍	心圍人皿
玟	王文
礎	石木木足
矽	石夕
蛭	虫至
骰	骨殳
鏜	金小冖口土
飧	夕食
訕	言山
翩	户冊习习
祟	屮凵示
殉	一夕勹日
剋	十口儿刂
皰	皮勹巳
苒	艹冂土
箔	竹氵白
輦	夫夫車
牲	牛生
氳	气圍人皿
牒	爿廿乚木
漩	氵方𠂉足
玳	王亻弋
礫	石白幺幺木
賄	貝𠂇月
悵	心長
涸	氵圍十口
攘	扌衣口口甘
歟	臼一乚丨廾欠
鐲	金四勹虫
剜	宀夕卩刂
苣	艹匚
芍	艹勹丶
菩	艹立口
蠔	虫亠口冖豕
哂	口西
佣	亻用
仞	亻刀丶
冽	冫一夕刂
喳	口木日一
鏗	金臣又土
戾	户犬
亟	丂口又一
蘑	艹广十儿十儿石
輾	車尸廿衤
跛	足皮
顓	山而頁
鎔	金穴人口
鯽	魚艮卩
憬	心日亠口小
愀	心禾火
湮	氵西土
闡	門口口甲一
亙	二𠂊冫
撻	扌之土羊
蒞	艹氵亻立
盹	目一屮
脩	亻丨攵月
謗	言亠八冖方
寤	宀爿二乂口
盎	冂大皿
灤	氵言糸糸木
繕	糸羊䒑口
歿	一夕勹又
逕	之一巛工
哮	口耂子
乓	丘丶
誥	言牛口
狡	犭亠八乂
蹶	足厂䒑屮欠
蹋	足日习习
篡	竹目大厶
俚	亻田土
魷	魚尤
鰻	魚冖二四又
恣	二欠心
紂	糸寸
胄	由月
矚	目尸水四勹虫
笆	竹巴
竣	立厶八夂
悸	心禾子
煬	火日一勿
韭	非一
睨	目臼儿
倌	亻宀㠯
肪	月方
孺	子雨而
緝	糸口耳
殮	一夕亼口口人人
儼	亻口口厂丁耳攵
皎	白亠八乂
瘓	疒𠂊冂八大
癆	疒火火冖力
蜇	扌斤虫
莒	艹口丿口
橇	木毛毛毛
翳	匚矢殳习习
賑	貝辰
崛	山尸屮凵
篁	竹白王
偌	亻艹𠂇口
釧	金川
諺	言立丿彡
庵	广大申
隧	阝之八豕
靨	厂日月犬頁圍
蜈	虫口乚大
冑	由冂二
澧	氵曲一口䒑
屜	尸行廿乚
姒	女厶人
枋	木方
惰	心𠂇工月
懺	心人人戈非一
蚤	又冫虫
婊	女丰衤
斡	十日十人冫十
韃	革之土羊
轅	車土口衤
栩	木习习
睞	目木人人
僖	亻士口䒑口
倏	亻丨攵犬
蕨	艹厂䒑屮欠
茴	艹圍口
藐	艹豸白儿
酵	酉耂子
蛔	虫圍口
匈	勹乂凵
醞	酉圍人皿
叵	匚口
齦	齒艮
唾	口千艹二
惚	心勿心
瑙	王巛囟
棹	木卜日十
蜥	虫木斤
蛀	虫丶王
螟	虫冖日亠八
黍	禾人水
緘	糸戊一口
攣	言糸糸手
轂	士冖一車殳
佇	亻宀丁
鈐	金亼㇕
貉	豸夂口
瀕	氵止癶頁
妊	女丿士
櫛	木竹艮卩
斫	石斤
咻	口亻木
箴	竹戊一口
飴	食厶口
訝	言牙
淙	氵宀示
嫦	女小冖口巾
弁	厶廾
賒	貝人示
慷	心广尹⺍
寥	宀习习人彡
摑	扌圍戈口一
蔑	艹四戈人
砥	石氏一
迄	之𠂉乙
鴕	鳥宀匕
咫	尸丶口八
搪	扌广尹口
噫	口立日心
瞰	目丁耳攵
僮	亻立田土
佗	亻宀匕
塾	亠口子丸土
旎	方𠂉尸匕
壅	亠乚丩隹土
懦	心雨而
繚	糸一火日小
繹	糸四土半
藹	艹言日勹亡
爰	爪一𠂇又
鏘	金爿䏑寸
詼	言𠂇火
狽	犭貝
羔	羊火
騖	予丿攵馬
盂	丁一皿
髦	長彡毛
萸	艹臼人
卮	𠂆一卩
詬	言𠂆一口
癥	疒行山一王攵
綵	糸爪木
娓	女尸毛
蘚	艹魚羊
籟	竹木口刀貝
榫	木隹十
蹊	足爪幺大
肴	乂𠂇月
諂	言𠂊臼
痿	疒禾女
湃	氵手一丰
祉	示止
擻	扌婁攵
睪	四土半
釁	臼冂一口冖酉八刀
啻	亠八冖巾口
旖	方𠂉大丁口
姘	女䒑廾
稔	禾亼㇕心
詫	言宀丿七
疚	疒𠂊丶
瀋	氵宀釆田
啾	口禾火
崙	山亼冊
腱	月廴彐キ
鱸	魚虎田皿
瘁	疒亠人人十
漓	氵亠乂凵冂厶
闆	門口口口
迂	之丁一
菰	艹子瓜
鐮	金广䒑彐刂八
洌	氵一夕刂
袒	衤日一
櫚	木門口丿口
囁	口耳耳耳
唳	口户犬
篙	竹亠口冂口
氛	气八刀
嬤	女广十儿十儿幺
垃	土立
牘	爿士四貝
佃	亻田
膺	广亻隹月
洱	氵耳
邏	之四糸隹
琶	王王巴
稷	禾田八夂
簣	竹中一貝
痙	疒一巛工
讖	言人人戈非一
燻	火千四二火
沮	氵且
轡	車糸糸口
鞅	革冂大
骯	骨亠几
酋	八酉
并	䒑廾
檳	木宀一癶貝
匱	匚中一貝
踵	足千日二
罹	四心隹
臏	月宀一癶貝
懊	心宀米大
瀰	氵弓一八巾乂乂乂乂
遽	之虎豕
陛	阝匕匕土
萄	艹勹午凵
薜	艹尸口辛
囈	口艹土儿土丸二厶
崆	山穴工
銖	金𠂉木
獺	犭木口刀貝
芻	勹屮勹屮
惻	心貝刂
闈	門㐄口㐄
嫵	女𠂉廿廿火
舂	丰臼
璦	王爪冖心夂
橢	木阝𠂇工月
豕	豕
呎	口尸丶
冗	冖几
蓀	艹子丿糸
鮫	魚亠八乂
瘴	疒立日十
憚	心口口甲一
媼	女圍人皿
絀	糸屮凵
酊	酉丁
笞	竹厶口
侮	亻𠂉母
胱	月小兀
肓	亡月
麴	木人人夂勹米
鑠	金白幺幺木
悴	心亠人人十
梆	木丰阝
乩	卜口乚
呶	口女又
賂	貝夂口
疽	疒且
淄	氵巛田
逅	之𠂆一口
菽	艹上小又
苧	艹宀丁
蟆	虫艹日大
齪	齒足
鼾	自田廾干
猷	八酉犬
葩	艹白巴
舐	舌氏
倨	亻尸十口
餒	食爪女
溉	氵艮旡
赭	土火耂
桅	木𠂊厂卩
嘹	口一火日小
嚀	口宀心皿丁
庠	广羊
慟	心千日二力
砧	石卜口
蟀	虫亠幺⺍十
惕	心日勿
惘	心冂䒑亡
惦	心广卜口
潦	氵一火日小
窠	穴田木
裨	衤鬼十
贗	厂亻鳥貝
蜓	虫廴丿士
褻	衣土儿土丸
袞	衣八口
懍	心亠圍口禾
蚩	屮一虫
殯	一夕宀一癶貝
耒	耒
榷	木冖隹
奄	大申
窈	穴幺力
豉	一口䒑十又
劾	亠丩人力
憧	心立田土
孿	言糸糸子
荏	艹亻丿士
榔	木丶艮阝
燧	火之八豕
遑	之白王
嗇	土人人圍口
駢	馬䒑廾
藪	艹婁攵
噥	口曲辰
嗥	口白大十
颼	風臼丨又
駟	馬四
砭	石丿之
蟑	虫立日十
蚓	虫弓丨
憩	舌自心
臚	月虎田皿
紉	糸刀丶
葫	艹十口月
鞣	革予丿木
饜	厂日月犬食
嘗	小冖口匕日
牯	牛十口
囪	囟丿乂
儈	亻亼四日
鷂	䏑午凵鳥
麝	鹿身寸
沌	氵一屮
婀	女阝丁口
瑁	王冖二目
齷	齒尸至
喋	口廿乚木
悽	心一尹女
悚	心木口
驀	艹日大馬
囀	口車一日厶寸
骷	骨十口
爨	臼冂一口冖木木大火
羸	亡口月羊凡
攫	扌目目隹又
齜	齒止匕
秣	禾一木
僭	亻旡旡日
樅	木行人人止
儔	亻士㇕工一口寸
羶	羊亠圍口日一
汨	氵日
閡	門亠丩人
譬	尸口辛言
摒	扌尸䒑廾
齬	齒二乂口
瞑	目冖日亠八
穡	禾土人人圍口
穌	魚禾
阡	阝千
璩	王虎豕
豺	豸十丿
獐	犭立日十
琺	王氵土厶
芟	艹殳
俎	人人且
肫	月一屮
彗	丰丰彐
鞦	革禾火
躉	艹日冂厶足
泱	氵冂大
鴆	冖儿鳥
帚	彐冖巾
茁	艹屮凵
檄	木白方攵
竽	竹丁一
咨	二欠口
逖	之犭火
羋	丨卜卜キ
靼	革日一
吩	口八刀
簞	竹口口甲一
佞	亻二女
諉	言禾女
瘍	疒日一勿
闐	門匕目乚八
縊	糸䒑八皿
戛	頁戈
璣	王幺幺戈人
蚪	虫冫十
吒	口丿七
倥	亻穴工
猓	犭田木
褥	衤辰寸
孀	女雨木目
菠	艹氵皮
嚶	口貝貝女
跚	足冊
牖	爿户甫
徨	行白王
阱	阝二刂
皴	厶八夂皮
黜	四土火屮凵
兗	亠八口儿
磋	石羊工
徘	行非
烊	火羊
鄹	耳又亻阝
彫	用口彡
紜	糸二厶
嚨	口龍
鏍	金田糸
滓	氵宀辛
娌	女田土
槨	木亠口子阝
踴	足龴用力
驃	馬西示
恫	心冂一口
憔	心隹火
雹	雨勹巳
橄	木丁耳攵
皚	白山一口䒑
揆	扌癶一大
婪	木木女
碉	石用口
譎	言予丿冂儿口
奘	爿士大
痱	疒非
疙	疒𠂉乙
湔	氵䒑月刂
潺	氵尸子子子
覲	廿口丰見
劬	勹口力
恿	龴用心
坍	土冊丶
蚶	虫甘
曷	日勹亡
侈	亻夕夕
鰍	魚禾火
忖	心寸
惆	心用口
閂	門一
邐	之一冂丶一冂丶鹿
齟	齒且
鸚	貝貝女鳥
蚵	虫丁口
蛄	虫十口
蠣	虫厂艹日冂厶
俳	亻非
屐	尸行十又
瞽	士口䒑十又目
氤	气圍大
臆	月立日心
徇	行勹日
腆	月冊廾
遨	之士方攵
駑	女又馬
匏	大一丂勹巳
尷	尤臣𠂉一皿
蝴	虫十口月
鴦	冂大鳥
峰	山夂丰
飩	食一屮
餾	食卯田
胛	月甲
獰	犭宀心皿丁
詁	言十口
訃	言卜
疳	疒甘
惴	心山而
窕	穴儿⺍
鼙	士口䒑十又鬼十
鴣	十口鳥
蕈	艹西日十
楫	木口耳
呻	口申
咄	口屮凵
骼	骨夂口
饅	食冖二四又
餛	食日匕匕
狎	犭甲
麾	广十儿十儿毛
瑚	王十口月
琿	王冖車
螞	虫馬
蜘	虫矢口
唁	口言
鈸	金犬丿
鰱	魚之車
粳	米一日乂
麩	木人人夂夫
歙	亼口习习欠
諄	言亠口子
媲	女囟匕匕
繅	糸巛田木
盍	土厶皿
萵	艹咼
傀	亻鬼
飪	食丿士
胭	月圍大
謄	月半言
悻	心土半
圯	土巳
朮	十儿丶
堊	亞土
琵	王王匕匕
頊	王頁
拮	扌士口
頷	亼㇕口頁
悌	心弋弓
妣	女匕匕
赳	走丩
圾	土刀又
柞	木𠂉匕
跆	足厶口
牝	牛匕
鏑	金亠八冂十口
滂	氵亠八冖方
嫘	女田糸
倀	亻長
皈	白厂又
槁	木亠口冂口
奩	大匚口口口
獗	犭厂䒑屮欠
愴	心人户口
抉	扌㇕大
柩	木匚𠂊丶
螳	虫小冖口土
咆	口勹巳
翕	亼口习习
夤	夕宀一由八
冢	冖豕
醺	酉千四二火
喟	口田月
咐	口亻寸
甥	生田力
篾	竹四戈人
裟	氵小丿衣
弭	弓耳
媾	女甘冂土
霹	雨尸口辛
蚣	虫八厶
跎	足宀匕
嶝	山癶一口䒑
霑	雨氵卜口
犧	牛羊禾戈丂
蚱	虫𠂉匕
罟	四十口
髏	骨婁
磴	石癶一口䒑
臃	月亠乚丩隹
愎	心𠂉日夂
軛	車厂卩
苜	艹目
霎	雨立女
蜿	虫宀夕卩
簸	竹甘廾皮
惋	心宀夕卩
泅	氵圍人
靂	雨厂禾禾止
兕	圍凵儿
鄱	釆田阝
賃	亻丿士貝
墀	土尸水牛
挈	丰刀手
蟯	虫土土土兀
仃	亻丁
狷	犭口月
麋	鹿米
縲	糸田糸
瓠	大一丂瓜
蚯	虫丘
蠕	虫雨而
蹼	足业半大
儐	亻宀一癶貝
鈽	金𠂇巾
詆	言氏一
鬲	一口冂八丁
螫	土火攵虫
酩	酉夕口
戢	口耳戈
躂	足之土羊
刎	勿刂
簑	竹衣口一
颺	風日一勿
膾	月亼四日
褸	衤婁
擘	尸口辛手
綞	糸千艹二
縑	糸䒑彐刂八
鵡	戈止鳥
餞	食戈戈
剽	西示刂
枇	木匕匕
砝	石土厶
蟈	虫圍戈口一
愜	心匚大人人
枸	木勹口
詛	言且
瘩	疒艹亼口
疥	疒人刂
迢	之召
畚	厶大田
梃	木廴丿士
櫝	木士四貝
嶇	山匚口口口
幗	巾圍戈口一
鴒	亼龴鳥
愾	心气米
紇	糸𠂉乙
坼	土斤丶
嫗	女匚口口口
鬨	鬥艹廾
莠	艹禾刀㇆
螂	虫丶艮阝
暹	之日隹
佾	亻八月
胳	月夂口
瘠	疒⺍人月
杷	木巴
颶	風目廾
鷥	糸糸鳥
慄	心西木
黠	四土火士口
麂	鹿几
毽	毛廴彐キ
猖	犭日日
孱	尸子子子
瞠	目小冖口土
覬	山一口䒑見
侏	亻𠂉木
坩	土甘
蓿	艹宀亻一白
戡	甘匚儿戈
蜻	虫丰月
鍰	金爪一𠂇又
猾	犭骨
戕	爿戈
痊	疒人王
洶	氵勹乂凵
疋	足
隍	阝白王
噱	口虎豕
黝	四土火幺力
缽	午凵木一
蹉	足羊工
鰥	魚四水
漯	氵田糸
貲	止匕貝
鐃	金土土土兀
鷓	广廿火鳥
糢	米艹日大
萋	艹一尹女
鯧	魚日日
邂	之𠂊用刀牛
岌	山刀又
舨	舟厂又
赧	土火卩又
幛	巾立日十
剴	山一口䒑刂
玷	王卜口
嚅	口雨而
箝	竹扌甘
佝	亻勹口
傯	亻囟丿乂心
髭	長彡止匕
傖	亻人户口
匐	勹一口田
陲	阝千艹二
嚏	口十冖田足
佻	亻儿⺍
盥	臼水皿
仳	亻匕匕
袈	力口衣
耜	耒㠯
胴	月冂一口
壢	土厂禾禾止
鵪	大申鳥
訐	言干
犖	火火冖牛
蹂	足予丿木
猙	犭爪尹
袱	衤亻犬
遴	之米夕㐄
紼	糸弓刂
駙	馬亻寸
鏝	金冖二四又
嗾	口方𠂉矢
妁	女勹丶
捩	扌户犬
豌	一口䒑宀夕卩
躊	足士㇕工一口寸
帑	女又巾
瞌	目土厶皿
濘	氵宀心皿丁
懣	氵廿巾人人心
抨	扌干八
蝌	虫禾冫十
矓	目龍
臾	臼人
淆	氵乂𠂇月
酗	酉乂凵
伉	亻亠几
貊	豸一白
賅	貝亠丩人
睽	目癶一大
匍	勹甫
吁	口丁一
犒	牛亠口冂口
癘	疒艹日冂厶
娩	女召儿
睥	目鬼十
臬	自木
祆	示一大
螃	虫亠八冖方
獷	犭广廿由八
蟋	虫釆心
鱖	魚厂䒑屮欠
陴	阝鬼十
犛	二木攵厂牛
軔	車刀丶
靦	頁圍見
埤	土鬼十
琊	王牙阝
躇	足艹耂
儡	亻田田田
圬	土一丂
螻	虫婁
覦	亼月刂見
潸	氵木木月
霪	雨氵爪丿士
玀	犭四糸隹
遘	之甘冂土
慝	匚艹𠂇口心
紕	糸匕匕
划	戈刂
躅	足四勹虫
肄	匕矢彐キ
娠	女辰
蜴	虫日勿
鰾	魚西示
蝙	虫户冊
褫	衤𠂆虎
籐	竹月半水
襤	衤臣𠂉一皿
怏	心冂大
蜢	虫子皿
褓	衤亻口木
鏖	鹿金
崁	山土欠
孳	䒑幺幺子
鮪	魚𠂇月
黷	四土火士四貝
妯	女由
燐	火米夕㐄
簷	竹𠂊厂八言
鼴	臼釆匚日女
蹣	足廿巾人人
輊	車至
躑	足八酉大阝
啕	口勹午凵
輜	車巛田
韁	革三田田
轔	車米夕㐄
舢	舟山
溘	氵土厶皿
甽	田川
躪	足艹門隹
坏	土不
撚	扌䏑犬火
踟	足矢口
訌	言工
嫻	女門木
荸	艹十冖子
嚥	口廿口北火
谿	爪幺大八人口
塭	土日皿
跼	足尸㇆口
犄	牛大丁口
勗	日且力
篛	竹弓冫弓冫
聱	士方攵耳
鉋	金勹巳
迆	之也
綑	糸圍木
瞇	目之米
祐	示𠂇口
迺	之西
痺	疒鬼十
証	言一止
姪	女至
踫	足䒑业
痴	疒矢口
珮	王几一巾
痲	疒十儿十儿
虱	乙丿虫
倣	亻方攵
抬	扌厶口
韆	革之西大卩
瑯	王丶艮阝
瘉	疒亼月刂
徬	行亠八冖方
伕	亻夫
鼇	士方攵黽
餽	食鬼
櫂	木习习隹
偽	亻爲
搾	扌穴𠂉匕
偺	亻夂卜日
濬	氵卜冖一八目
浬	氵田土
嚮	乚丩丶艮阝宀口
蘗	艹尸口辛木
啣	口午止卩
貍	豸田土
勦	巛田木力
梱	木圍木
霉	雨𠂉母
晒	日西
燄	𠂊臼火火
鼕	士口䒑十又夂冫
玨	王王
囌	口艹魚禾
慇	𠂆彐㇆殳心
嬝	女鳥衣
